Lake ID,Lake Name,IIIa,IIIa.,IIIb,IIIb.,IIIc,IIIc.,IIa,IIa.,IIb,IIb.,IIc,IIc.,Ia,Ib,Ic,Lat,Long,Sample Depth,Lake area,Altitude,JanP,FebP,MarP,AprP,MayP,JunP,JulP,AugP,SepP,OctP,NovP,DecP,AnnualP,AutumP,WinterP,SpringP,SummerP,JanT,FebT,MarT,AprT,MayT,JunT,JulT,AugT,SepT,OctT,NovT,DecT,AvT,AutumT,WinterT,SpringT,SummerT,Soi_pH,WT,Surface WT,Wsalinity,OrgCarbon,TOCW,WO,WpH,TDS,Alkalinity,Bicarbonate,Carbonate,Ca,SO4,Na,Mg,K,Cl
859,Stony Beach,12,1,19,1,17,0,22,0,7,10,6,0,0,6,1,50.50,-105.19,2.7,1.13,577,18,14,18,24,47,67,55,40,37,19,15,18,372,71,50,89,162,-15.7,-11.8,-5.8,4.1,11.4,16.3,19.3,18.3,11.8,5.7,-4.4,-11.7,3.1,4.37,-13.07,3.23,17.97,7.08,21.62,21.96,0.35,2.10,0.28,86.64,9.53,0.00,435.94,487.42,43.82,34.89,47.34,46.59,40.91,41.54,22.3
860,Horse,11,0,20,2,12,0,22,0,4,14,9,0,1,5,1,51.39,-103.56,3.3,0.21,669,22,15,25,23,50,71,66,55,47,26,17,20,437,90,57,98,192,-19.7,-15.3,-9.5,1.5,9.4,14.3,17,15.9,10,3.9,-6.5,-14.7,0.5,2.47,-16.57,0.47,15.73,6.82,20.70,20.7,0.72,2.50,0.59,51.63,8.78,0.00,478.05,541.42,41.25,42.84,338.11,27.15,126.4,32.26,7.08
861,X5,4,0,14,0,16,0,23,0,4,39,0,0,0,0,0,52.67,-110.08,4.1,0.60,603,20,14,20,22,38,72,71,57,34,16,15,21,400,65,55,80,200,-17.2,-12.4,-6.8,3.7,11,15.3,17.7,16.3,10.6,4.7,-5.3,-12.8,2.1,3.33,-14.13,2.63,16.43,6.12,18.57,20.86,13.63,0.00,0.39,26.81,9.04,0.00,1897.79,2083.63,447.92,12.04,9318.67,4829.5,1131,275.1,1304.1
862,Island,13,17,1,1,16,0,20,0,7,6,11,0,0,7,1,49.13,-108.23,2,0.84,876,16,13,17,25,49,62,47,33,32,16,12,15,337,60,44,91,142,-12.5,-8.7,-3.3,4.6,10.9,15.3,18.5,17.7,11.6,5.9,-3.4,-9.4,3.9,4.70,-10.20,4.07,17.17,6.59,21.70,21.7,0.18,1.89,0.34,69.67,8.87,0.00,171.7,203.68,5.76,26.52,42.1,3.01,11.46,19.74,3.14
863,Deep,4,0,28,2,7,0,22,0,4,18,7,0,1,6,1,50.43,-103.68,2.2,2.78,617,21,16,19,25,51,74,61,53,47,23,17,20,427,87,57,95,188,-17.4,-13.4,-6.9,3.1,10.5,15.4,18.5,17.3,11.2,5.2,-5.3,-13.4,2.1,3.70,-14.73,2.23,17.07,7.06,21.85,21.86,1.53,3.09,0.22,122.85,8.88,0.00,279.13,321.71,18.6,65.89,1170.11,243.4,250.5,41.27,54.97
864,Freefight,0,0,32,0,0,0,35,0,0,33,0,0,0,0,0,51.40,-109.11,15,0.57,709,20,16,20,25,37,64,48,38,32,15,14,16,345,61,52,82,150,-14.1,-9.9,-4.6,4.6,11.4,15.7,18.7,17.8,11.8,5.8,-3.8,-10,3.6,4.60,-11.33,3.80,17.40,6.48,17.58,19.7,40.84,1.10,0.04,55.48,8.33,0.00,2999.7,3116.86,535.3,86.96,47768.37,9193,7274,1823,4615.29
865,Springwater,4,0,19,0,8,0,25,0,5,31,4,0,0,4,1,52.00,-108.37,3.1,2.06,658,17,12,19,22,38,63,62,46,31,15,15,17,357,61,46,79,171,-17.9,-13.6,-7.4,3.2,10.9,15.2,17.8,16.8,10.6,4.4,-6.2,-13.8,1.7,2.93,-15.10,2.23,16.60,6.63,22.30,22.3,6.56,2.19,0.23,26.56,8.62,0.00,1067.59,1130.45,169.48,32.13,8053.57,0,284.3,177.2,760.11
866,Clair,7,1,21,8,0,2,18,1,7,7,1,18,0,8,2,51.99,-104.06,3,1.21,519,19,15,25,22,48,64,68,51,46,25,18,22,423,89,56,95,183,-18.9,-15,-8.6,2.6,10.5,15.1,17.7,16.5,10.6,4.2,-6.3,-15.3,1.1,2.83,-16.40,1.50,16.43,7.10,22.07,22.07,0.82,0.00,0.28,148.86,9.20,1.12,231.34,263.35,18.64,73.71,470.92,85,96.14,28.26,18.39
867,Blackstrap,14,2,18,2,12,0,14,0,9,9,9,1,0,7,1,51.78,-106.46,7.9,12.12,530,17,14,17,21,39,62,56,39,34,18,14,18,349,66,49,77,157,-17.7,-14,-7.3,3.5,11.2,15.7,18.5,17.3,11.3,5,-5.7,-13.4,2,3.53,-15.03,2.47,17.17,6.78,19.13,19.2,0.43,2.21,0.46,74.26,8.84,0.00,167.17,197.16,6.72,45.36,317.45,66,37.94,8.8,18.22
868,Waldsea,0,0,16,0,12,0,17,0,14,24,0,0,0,16,0,52.27,-105.19,19.9,5.03,531,20,16,20,20,39,66,62,48,40,22,15,20,388,77,56,79,176,-19.1,-15.3,-8.5,2.5,10.7,15.5,18,17.1,10.9,4.6,-6.4,-14.5,1.3,3.03,-16.30,1.57,16.87,6.88,9.83,20.51,13.48,3.28,0.27,50.29,8.45,14.63,369.41,423.69,26.65,169.1,4387.71,1918.8,922.24,122.62,1760.5
871,Shrimp,14,1,16,2,15,0,20,0,5,15,6,0,0,6,1,51.59,-108.45,3,0.45,678,17,12,18,23,37,61,58,43,30,16,14,15,344,60,44,78,162,-17,-12.9,-6.8,3.6,11.1,15.5,18.2,17.2,11,4.8,-5.5,-12.9,2.2,3.43,-14.27,2.63,16.97,6.71,22.56,22.6,0.41,1.76,0.34,49.64,9.05,0.00,185.85,216.26,10.36,46.64,247.35,25.83,45.87,22.08,12.21
872,Katepwa,18,1,19,2,10,0,14,0,8,10,8,1,0,6,1,50.70,-103.64,22.4,17.01,476,20,15,19,22,48,71,60,52,45,24,16,19,411,85,54,89,183,-17.8,-13.7,-7,3.4,10.9,15.9,18.8,17.6,11.4,5.4,-5.1,-13.4,2.2,3.90,-14.97,2.43,17.43,7.22,15.68,22.55,0.79,2.99,0.29,29.97,8.29,0.00,207.72,251.76,1.7,64.59,403.56,154.7,61.98,19.67,71.08
873,Sink,7,0,15,0,18,0,17,0,5,28,6,0,0,4,0,52.44,-109.19,2.8,0.14,616,18,13,19,22,35,67,67,52,32,16,16,19,376,64,50,76,186,-17.7,-13.3,-7.5,3.3,10.7,15,17.6,16.4,10.7,4.6,-5.9,-13.3,1.7,3.13,-14.77,2.17,16.33,6.61,21.10,21.1,2.83,1.80,0.20,23.70,8.66,0.00,813.48,887.68,103.28,79.94,1263.85,864.6,142,34.53,355.71
874,White Heron,11,1,32,1,12,0,25,0,5,8,3,0,0,3,0,51.89,-109.05,0.8,4.86,647,16,12,18,22,35,62,61,46,30,15,14,16,347,59,44,75,169,-17.6,-13,-7.2,3.4,10.9,15.1,17.9,17,10.9,4.7,-5.6,-13,2,3.33,-14.53,2.37,16.67,6.25,24.25,24.25,1.89,1.76,0.31,84.40,8.94,0.00,504.2,568.05,46.45,36.23,589.37,461.7,44.07,23.72,372.58
875,Gouverneur,16,1,18,1,14,0,18,0,6,10,7,0,0,7,1,49.77,-107.64,7.2,1.71,758,18,15,18,24,44,63,47,34,31,16,13,16,339,60,49,86,144,-13,-9.3,-3.7,4.8,11.4,16,19.1,18.3,11.9,6.1,-3.5,-9.7,4,4.83,-10.67,4.17,17.80,6.57,19.80,20.7,1.38,1.53,0.13,63.41,8.73,0.00,388,445.35,27.67,69.65,995.35,441.1,87.52,17.52,19.01
876,Kenosee,5,0,21,2,6,0,26,0,4,21,7,0,0,5,1,49.82,-102.30,7.4,8.31,734,20,15,21,29,51,73,63,60,48,25,15,18,438,88,53,101,196,-17.4,-13.9,-7.3,2.8,10.2,15,17.9,16.6,10.6,4.5,-5.7,-13.7,1.6,3.13,-15.00,1.90,16.50,5.88,19.14,19.2,1.32,1.45,0.27,90.22,8.79,0.00,1117.9,1333.05,30.63,70.58,815,87.54,0,62.12,38.74
877,Barber,8,24,1,2,11,0,22,0,6,8,9,0,1,8,1,51.36,-107.67,1.6,9.93,556,17,13,18,21,39,62,57,37,30,17,15,17,343,62,47,78,156,-16.4,-12.6,-6,4.3,11.6,16.1,18.8,17.7,11.7,5.5,-5,-12.7,2.8,4.07,-13.90,3.30,17.53,6.93,20.43,20.43,1.26,2.15,0.22,43.87,8.57,0.00,324.23,370.69,24.55,93.71,838.35,315.3,97.86,30.03,121.81
878,Humbolt,5,1,19,2,8,0,19,0,8,17,9,1,0,10,2,52.15,-105.12,6.3,4.93,547,19,15,20,19,38,66,61,47,39,22,15,19,380,76,53,77,174,-19.3,-15.3,-8.4,2.5,10.7,15.3,18.1,17.3,11,4.6,-6.1,-14.4,1.3,3.17,-16.33,1.60,16.90,7.23,21.02,21.11,0.84,2.98,0.32,120.25,9.13,1.07,233.16,266.51,17.72,81.97,564.06,87.33,93.99,25.87,83.53
879,Porter ,5,26,0,0,10,0,21,0,10,6,12,0,0,10,0,52.19,-106.28,4,2.50,506,17,14,18,21,39,63,59,43,35,19,15,19,362,69,50,78,165,-17.6,-14.3,-7.6,3.5,11.2,15.9,18.4,17.1,11.1,4.8,-6.3,-13.6,1.9,3.20,-15.17,2.37,17.13,6.62,19.16,19.2,0.00,2.28,0.24,0.00,8.48,0.00,348.78,414.25,414.25,166.3,2200.92,740.9,353,46.86,375.68
880,Elkwater,17,1,27,1,12,0,17,0,5,8,6,0,0,4,0,49.66,-110.29,7.9,2.19,1224,23,19,24,30,46,65,44,41,37,17,17,20,383,71,62,100,150,-13.4,-9.8,-5.4,2.6,8.9,13.5,16.8,15.8,9.9,4.4,-4.5,-9.8,2.4,3.27,-11.00,2.03,15.37,6.20,18.74,18.7,0.18,0.00,0.20,91.24,8.65,0.00,168.26,204.52,0.8,36.23,54.05,15.78,27.6,2.94,16.1
881,Tramping,1,0,19,2,7,0,27,0,2,38,0,0,0,0,3,52.01,-108.79,3.4,13.29,655,16,12,18,22,36,63,62,47,31,15,15,17,354,61,45,76,172,-17.7,-13.5,-7.5,3.2,10.8,15.1,17.7,16.8,10.7,4.5,-6,-13.5,1.7,3.07,-14.90,2.17,16.53,6.32,23.45,23.8,11.56,2.38,0.31,59.95,9.14,0.00,609.03,695.52,46.89,83.4,5694.85,1550.2,1077.78,133.42,124.62
882,Unknown 1,8,0,25,1,9,0,23,0,5,13,7,0,0,6,1,51.55,-104.26,1.8,0.17,642,17,13,24,20,50,65,67,48,46,23,15,18,406,84,48,94,180,-18.2,-14.6,-8.3,2.5,10.2,15,17.6,16.5,10.5,4.2,-6.2,-14.5,1.2,2.83,-15.77,1.47,16.37,7.07,21.66,21.66,1.27,3.33,0.05,89.77,8.73,0.00,511.75,592.06,31.91,69.86,706.53,69.8,0,32.83,11.6
883,Macklin,11,0,19,2,15,0,21,0,5,13,8,0,1,5,1,52.32,-109.95,2.8,0.77,651,19,14,18,21,35,69,69,54,32,16,14,20,381,62,53,74,192,-17.2,-12.5,-6.9,3.5,10.9,15.1,17.7,16.5,10.7,4.7,-5.4,-12.6,2,3.33,-14.10,2.50,16.43,6.76,20.54,20.53,0.80,1.56,0.32,62.56,8.38,0.00,505.89,617.35,0,22.8,169.25,266.2,35.44,28.25,53.65
884,Vincent,0,0,0,0,0,0,0,0,0,100,0,0,0,0,0,50.23,-108.96,0.1,2.42,692,20,16,20,25,38,64,47,36,31,15,14,17,343,60,53,83,147,-13.7,-9.6,-4.2,4.8,11.4,15.8,18.8,17.9,11.9,5.9,-3.6,-9.7,3.8,4.73,-11.00,4.00,17.50,6.45,22.00,22,49.87,1.56,0.14,57.30,9.42,0.00,292.58,357.04,0,627.4,45008.34,20335,1437,245.6,4142.47
885,Snakehole,4,0,8,0,5,0,27,0,5,44,4,0,0,3,0,50.51,-108.48,2.4,1.82,653,19,14,18,23,39,66,49,36,31,15,13,14,337,59,47,80,151,-14,-10.1,-4.3,4.9,11.7,16.3,19.1,18.2,12.2,6.1,-3.8,-10,3.9,4.83,-11.37,4.10,17.87,6.78,23.46,23.54,50.21,1.76,0.18,112.00,8.96,47.35,745.33,909.55,0,380,50544.56,12600,7118,531.1,8455.99
886,Junction,18,20,1,1,16,0,18,0,6,6,9,0,0,5,1,49.97,-109.52,9,0.90,753,20,16,18,25,36,60,44,36,31,14,14,17,331,59,53,79,140,-14,-9.5,-4.2,4.6,11.1,15.5,18.7,17.6,11.7,5.7,-3.7,-9.7,3.7,4.57,-11.07,3.83,17.27,6.52,19.34,19.93,0.66,1.42,0.21,54.84,8.92,0.00,236.4,280.41,7.94,64.95,459.98,169.3,67.12,9.71,18.89
887,Van Scoy,3,0,23,2,5,0,22,0,8,15,8,1,0,10,3,52.07,-107.55,0.9,4.69,542,17,13,20,22,40,62,63,42,32,17,15,19,362,64,49,82,167,-17.9,-13.7,-7.3,3.6,11.3,15.7,18.2,17,11.1,4.7,-6,-14,1.9,3.27,-15.20,2.53,16.97,6.67,19.50,19.5,6.44,1.85,0.28,116.90,8.82,0.00,176.05,214.83,0,303.1,6226.88,1339.2,931.59,101.3,210.07
889,Alioth,28,0,30,0,24,0,0,0,1,15,0,0,0,1,0,52.51,-109.55,0.58,0.14,643,19,14,20,22,36,69,70,55,33,16,15,20,389,64,53,78,194,-17.5,-13,-7.3,3.3,10.6,14.9,17.5,16.2,10.6,4.5,-5.8,-13.1,1.7,3.10,-14.53,2.20,16.20,6.67,21.10,21.1,13.92,2.23,0.34,190.60,10.33,0.00,238.41,206.57,82.96,192,14829.27,4396.5,1324.62,135,958.29
890,Suffern,17,1,17,1,15,0,15,0,9,12,5,1,0,6,1,52.64,-109.90,8,0.29,624,20,14,20,22,37,72,71,57,34,16,15,21,399,65,55,79,200,-17.3,-12.6,-7,3.5,10.8,15.1,17.5,16.2,10.5,4.6,-5.6,-12.8,1.9,3.17,-14.23,2.43,16.27,6.30,19.82,21.6,0.23,1.18,0.31,52.01,8.18,0.00,248.62,303.4,0,33.18,134.67,74.44,34.33,6.99,30.8
892,Shannon,11,6,0,20,1,9,0,20,0,5,12,8,0,0,6,52.64,-105.43,11.2,2.65,550,20,17,22,22,41,66,65,52,41,23,17,22,408,81,59,85,183,-19.1,-15.5,-8.9,2.3,10.4,15.1,17.6,16.2,10.4,4,-7.2,-14.6,0.9,2.40,-16.40,1.27,16.30,6.21,15.65,20.48,1.67,3.09,0.29,68.62,9.06,2.08,303.09,346.73,22.75,57.15,1214.27,111.6,227.6,44.35,24.48
893,Kipabiskau,11,19,1,15,1,10,0,13,0,6,11,6,0,0,5,52.57,-104.21,6.8,4.94,510,20,16,25,23,46,66,69,55,46,28,20,22,436,94,58,94,190,-19.8,-15.4,-9.5,2,10.2,14.9,17.3,15.9,10.2,3.8,-7,-15.8,0.6,2.33,-17.00,0.90,16.03,6.41,21.72,22.47,0.52,5.34,0.35,97.88,8.90,0.69,215.26,262.08,0.6,81.5,31.02,31.02,52.75,15.5,245.8
894,York,11,18,1,4,9,0,19,0,3,10,18,0,1,6,1,51.16,-102.49,3,3.16,510,21,16,24,22,46,70,62,58,47,25,19,21,431,91,58,92,190,-19.1,-15,-8.7,2.5,10.4,15.4,18,16.9,10.8,4.5,-6.1,-14.6,1.3,3.07,-16.23,1.40,16.77,7.00,22.80,22.86,1.09,3.01,0.33,120.78,8.97,0.00,298.28,332.14,31.33,37.6,676.7,127.3,176.17,58.72,45.36
895,Alsask,28,13,0,5,1,10,0,22,0,1,15,2,0,0,1,51.34,-109.88,3.2,2.04,636,14,11,14,20,34,54,53,42,31,13,11,13,310,55,38,68,149,-14.9,-11,-5.4,4.6,11.4,16,18.7,17.5,11.7,5.7,-4.7,-11.2,3.2,4.23,-12.37,3.53,17.40,6.57,19.60,19.8,74.84,1.51,0.19,250.77,9.35,0.00,4907.59,4453.09,1509.95,17.94,26777.84,19690,175.78,7665,24702.99
896,Lonetree,12,23,1,1,16,0,24,0,4,5,10,0,0,4,1,49.08,-108.26,4,1.37,856,16,13,16,25,49,62,46,33,31,15,12,14,332,58,43,90,141,-12.3,-8.6,-3.1,4.8,11,15.6,18.6,17.9,11.7,6,-3.3,-9.3,4.1,4.80,-10.07,4.23,17.37,6.66,20.03,20.03,0.19,1.89,0.33,100.41,9.05,0.00,200.91,234.78,10.22,38.15,72.5,26.06,17.2,20.23,5.77
897,Opuntia,26,5,0,21,1,7,0,16,0,5,8,6,0,0,5,51.80,-108.57,1.6,14.03,592,16,12,17,22,36,61,59,44,30,15,14,15,341,59,43,75,164,-17.3,-13,-6.7,3.8,11.3,15.6,18.3,17.4,11.2,4.9,-5.6,-13,2.2,3.50,-14.43,2.80,17.10,6.92,22.73,22.73,2.98,2.12,0.15,63.90,9.02,0.00,576.95,654.05,49.18,52.25,1749.34,996.1,123.75,22.55,166.08
898,Buffalo Pound,4,12,1,20,2,11,0,16,0,6,10,9,0,0,7,50.60,-105.41,4.1,28.72,506,18,14,18,24,44,66,53,39,36,18,15,18,363,69,50,86,158,-15.7,-11.5,-5.5,4.5,11.7,16.6,19.7,18.6,12.2,6.1,-4,-11.6,3.4,4.77,-12.93,3.57,18.30,6.86,22.51,23.13,0.31,2.15,0.21,92.30,8.85,0.00,127.82,155.98,155.98,31.69,197.81,62.01,22.23,6.67,29.19
899,Greenwater,15,24,1,3,10,0,14,1,6,10,9,0,1,5,1,52.51,-103.51,7.5,11.04,531,21,17,26,24,47,72,71,59,49,29,24,23,462,102,61,97,202,-20.5,-16,-10,1.5,9.8,14.5,17,15.7,9.8,3.7,-7.2,-16.1,0.2,2.10,-17.53,0.43,15.73,6.17,20.15,21.1,0.33,5.50,0.45,75.05,8.23,0.00,178.92,217.1,1.22,52.63,186.68,23.82,43.41,10.62,7.07
900,Bullkin,5,34,0,1,9,2,28,0,3,5,11,0,0,4,0,49.25,-105.07,0.7,1.79,665,10,8,13,22,51,63,50,39,36,16,9,11,328,61,29,86,152,-13.3,-9.8,-3.6,5.2,11.9,17,20.1,18.9,12.6,6.5,-3.4,-10.7,4.3,5.23,-11.27,4.50,18.67,6.80,19.40,19.4,2.01,1.87,0.05,87.70,9.06,0.00,524.18,588.13,50.67,28.69,1290.74,858.7,55.7,18.71,116.78
901,Bitter,3,0,37,0,5,0,26,0,5,15,5,0,0,5,0,50.10,-109.79,0.9,20.00,708,19,15,18,24,35,59,43,36,31,14,13,16,323,58,50,77,138,-13.8,-9.3,-4,4.9,11.6,16.1,19,18,12,6,-3.5,-9.5,4,4.83,-10.87,4.17,17.70,6.59,19.10,19.1,15.11,1.28,0.10,63.05,8.69,0.00,496.61,561.37,43.91,153.1,22393.55,8435,1874,142.5,2431.96
902,Mason,7,22,0,0,10,0,24,0,6,3,23,0,0,4,1,50.36,-109.36,1.9,0.74,687,19,15,19,25,36,62,46,38,32,15,14,16,337,61,50,80,146,-14.1,-9.8,-4.4,4.7,11.5,15.9,19,18,12,5.9,-3.7,-9.9,3.8,4.73,-11.27,3.93,17.63,6.63,19.30,19.3,4.97,1.56,0.24,54.53,9.25,0.00,967.91,1023.97,154.58,19.56,3282.86,1956.8,336.16,24.08,402.28
903,Cypress,9,1,28,2,10,0,21,0,5,9,9,0,1,5,1,49.46,-109.50,5.6,21.70,970,22,18,18,26,39,61,44,36,31,14,15,17,341,60,57,83,141,-14.7,-10.2,-5.1,3.5,9.8,14.3,17.5,16.7,10.5,4.7,-4.4,-10.3,2.7,3.60,-11.73,2.73,16.17,6.73,19.08,19.03,0.30,2.26,0.16,71.80,8.82,0.00,285,336.86,10.75,54.86,1232.56,537,231.88,29.29,384.84
904,Edouard,18,19,1,1,12,0,19,0,5,5,15,0,0,5,1,52.38,-104.34,5.6,1.11,577,20,16,25,22,46,65,69,53,45,26,19,22,428,90,58,93,187,-19.6,-15.5,-9.5,1.9,10,14.7,17.2,16,10.1,3.8,-6.9,-15.5,0.6,2.33,-16.87,0.80,15.97,7.11,19.83,20.01,7.43,3.16,0.00,40.87,11.09,0.45,179.26,212.83,5.83,48.63,574.73,218.15,158.29,26,165.59
905,Newton,19,18,1,1,18,0,18,0,6,5,10,0,0,5,1,49.31,-107.81,4.2,5.01,809,15,13,16,23,47,62,47,32,30,15,12,14,326,57,42,86,141,-12.9,-9,-3.4,4.8,11.1,15.7,19,18.2,11.8,6,-3.5,-9.5,4,4.77,-10.47,4.17,17.63,6.80,20.55,20.73,0.38,1.73,0.09,90.71,8.95,0.00,188.88,222.4,7.96,48.26,254.73,76.85,37.28,7.68,4.87
907,Little Manitou B,3,0,13,1,13,0,25,0,2,37,2,0,0,1,0,51.72,-105.43,6.7,15.66,598,20,14,20,22,36,70,71,56,33,16,16,21,395,65,55,78,197,-17.4,-12.8,-7.1,3.5,11,15.2,17.6,16.4,10.6,4.7,-5.6,-13.1,1.9,3.23,-14.43,2.47,16.40,6.80,19.76,20.38,3.62,2.19,0.49,138.88,9.15,42.52,1528.13,1855.37,338.47,11.67,1542.39,1453.8,76.74,56.04,255.46
908,McLean,1,0,43,0,33,0,0,0,1,19,1,0,0,1,0,52.61,-109.38,0.065,0.66,576,19,13,20,22,36,68,69,54,33,16,16,20,386,65,52,78,191,-17.5,-13,-7.1,3.5,11,15.2,17.7,16.5,10.8,4.7,-5.8,-13.3,1.9,3.23,-14.60,2.47,16.47,6.30,20.54,20.53,46.22,3.10,0.11,0.00,9.27,0.00,1116.56,1263.12,97.78,60.29,53982.66,20100,2348,466,1178.57
909,Annie Laurie,15,1,14,1,14,0,18,0,6,17,5,0,0,7,1,51.97,-102.66,1.3,1.30,520,21,15,26,23,45,71,68,58,48,28,22,21,446,98,57,94,197,-20.4,-15.8,-9.6,1.6,9.6,14.5,17.4,16,10,4,-6.9,-15.5,0.4,2.37,-17.23,0.53,15.97,6.60,22.10,22.1,0.25,2.48,0.46,128.10,8.78,0.00,161.59,191.44,5.65,44.5,131.7,12.84,34.29,7.77,3.7
910,Shoe,0,0,24,0,0,0,21,0,9,24,7,0,0,10,5,49.72,-105.36,3.8,3.80,679,14,10,15,23,49,65,50,40,36,15,11,14,342,62,38,87,155,-14.2,-10.9,-4.7,4.4,11.2,16.3,19.4,18.3,12,5.8,-3.9,-10.8,3.6,4.63,-11.97,3.63,18.00,6.80,19.90,20.03,25.09,1.55,0.32,75.07,8.90,0.00,732.43,772.29,119.48,86.57,31747.49,17128,1686,372.8,4062.01
911,Grassy,14,20,1,1,16,0,19,0,6,6,11,0,0,6,1,51.24,-104.63,2,0.69,628,18,13,22,21,50,68,65,47,45,23,15,19,406,83,50,93,180,-18.1,-14.1,-7.9,2.7,10.4,15.1,17.9,16.9,10.8,4.5,-5.9,-14,1.5,3.13,-15.40,1.73,16.63,6.98,21.27,21.3,0.64,2.62,0.43,82.18,8.98,0.00,386.6,432.9,38.23,56.43,359.32,41.3,130.17,51.11,25.43
912,Farewell,3,36,0,0,2,1,35,6,1,3,0,0,11,2,0,52.47,-109.38,0.4,1.11,579,18,13,19,22,35,67,68,52,32,16,15,19,376,63,50,76,187,-17.6,-12.9,-7.1,3.6,11,15.3,17.7,16.6,10.9,4.8,-5.7,-13.1,2,3.33,-14.53,2.50,16.53,6.77,16.50,16.5,3.57,1.90,0.08,133.20,9.40,0.00,1501.37,1819.01,187,16.99,2509.67,1859,72.77,35.32,180.69
913,Arthur,5,0,15,0,8,0,21,0,8,29,5,0,0,6,4,52.56,-105.45,6.7,2.65,541,20,17,22,22,41,66,64,51,40,23,17,21,404,80,58,85,181,-19,-15.4,-8.8,2.5,10.6,15.3,17.8,16.4,10.6,4.2,-7,-14.5,1.1,2.60,-16.30,1.43,16.50,6.86,15.06,20.34,8.30,3.58,0.26,99.00,8.88,9.31,379.31,462.88,0,182.5,6942.54,1141.4,1508,141.6,134.97
914,Rabbit,7,1,15,1,11,0,20,0,9,20,6,1,0,7,2,52.62,-106.99,6.5,3.76,499,18,13,19,21,39,63,65,46,35,19,15,20,373,69,51,79,174,-17.9,-14.3,-7.9,3.4,11.3,15.7,18,16.6,10.7,4.5,-6.4,-13.8,1.7,2.93,-15.33,2.27,16.77,6.54,19.05,19.94,4.23,3.09,0.52,85.00,9.21,4.96,433.04,480.35,47.3,66.26,3808.04,761.2,693.2,79.83,75.57
915,Wolverine,6,1,18,1,10,0,19,0,8,19,5,1,0,9,3,52.02,-105.23,3.1,3.93,546,18,15,19,20,38,67,60,46,39,21,14,18,375,74,51,77,173,-18.8,-15,-8.2,2.7,10.7,15.5,18.3,17.4,11.1,4.8,-6.1,-14.2,1.5,3.27,-16.00,1.73,17.07,7.15,21.24,21.3,0.80,2.99,0.46,141.00,8.93,0.00,212.98,250.23,250.23,91.01,513.48,70.36,114.2,30.66,17.51
916,Clearwater,14,1,17,3,11,0,16,0,6,15,8,0,1,7,1,50.87,-107.93,7,0.56,680,18,14,18,22,39,66,53,38,31,16,14,15,344,61,47,79,157,-15,-11.3,-5.2,4.3,11.4,15.9,18.6,17.8,11.7,5.6,-4.5,-11.4,3.2,4.27,-12.57,3.50,17.43,6.63,19.08,19.3,0.68,0.00,0.31,88.49,9.18,0.00,605.51,660.72,76.89,6.97,1214.27,91.67,152.3,27.96,43.53
918,Kindersley,17,18,1,1,0,0,24,22,0,0,0,0,12,5,0,51.42,-109.10,1.6,0.09,659,16,12,17,23,34,59,55,43,30,14,13,15,331,57,43,74,157,-16.9,-12,-6.5,3.7,11.1,15.6,18.5,17.4,11.4,5.2,-5,-11.9,2.6,3.87,-13.60,2.77,17.17,6.81,17.57,17.57,0.42,1.99,0.08,62.47,9.66,0.00,151.39,175.52,9.07,54.99,342.09,87.44,52.02,16.18,22.32
919,Lewis Creek South,10,21,1,1,0,11,18,0,6,7,0,16,1,8,1,51.44,-105.53,1.9,1.73,528,14,14,16,20,38,74,54,41,35,16,13,14,349,64,42,74,169,-17.7,-13.6,-7.2,3.5,11,15.8,18.9,17.9,11.5,5.5,-4.8,-12.6,2.4,4.07,-14.63,2.43,17.53,6.86,21.10,21.1,1.36,2.33,0.25,49.90,8.74,0.00,167.95,204.96,0,118.05,1052.72,198.5,202.13,31.45,28.55
920,Snipe,6,32,2,2,0,8,22,0,7,6,0,8,0,6,1,51.22,-108.86,1.2,4.27,650,16,11,17,22,34,59,54,42,29,15,13,14,326,57,41,73,155,-15.9,-11.6,-5.6,4.3,11.5,16.1,18.7,17.8,11.7,5.3,-4.8,-11.8,3,4.07,-13.10,3.40,17.53,7.15,18.65,18.65,1.67,2.00,0.12,89.65,8.85,0.00,603.27,712.31,23.48,66.7,831.91,569.8,148.06,42.05,90.59
922,Crooked,19,16,2,2,13,0,11,0,9,8,10,1,1,6,2,50.60,-102.68,10.2,16.11,449,19,14,19,24,45,64,56,55,46,25,17,20,404,88,53,88,175,-17.9,-13.8,-6.9,3.7,11.1,16,18.7,17.6,11.3,5.1,-5.1,-13.5,2.2,3.77,-15.07,2.63,17.43,7.37,21.33,24.25,0.82,2.85,0.18,89.06,8.72,0.00,226.84,268.2,8.48,70.08,422.27,159.9,70.34,20.42,63.74
923,Charron,6,1,12,1,14,0,18,0,5,32,3,1,0,5,2,52.40,-104.31,8.8,4.02,571,20,16,25,22,46,65,69,54,46,26,19,22,430,91,58,93,188,-19.6,-15.5,-9.6,1.8,10,14.6,17.2,16,10,3.7,-7,-15.7,0.5,2.23,-16.93,0.73,15.93,6.91,16.78,18.9,4.90,2.67,0.36,83.20,10.55,5.69,423.42,487.68,28.55,65.49,3561.7,760.3,811,111,177.83
924,Cutbank,9,20,1,1,12,0,22,0,5,6,16,0,0,7,1,50.54,-107.00,2.4,2.36,700,18,16,18,21,40,65,51,38,34,17,14,19,351,65,53,79,154,-14.3,-11,-5.2,4.3,11.4,16.1,18.9,17.8,11.6,5.8,-4.1,-10.8,3.4,4.43,-12.03,3.50,17.60,6.60,20.43,20.9,2.41,1.49,0.20,152.92,9.13,0.00,504.58,538.96,75.51,54.77,1745.65,823,182.6,51.81,46.38
925,WhiteBear,4,22,1,2,6,0,25,0,3,6,22,0,0,3,6,49.77,-102.28,8.5,8.57,725,19,15,20,29,51,73,63,60,48,25,15,18,436,88,52,100,196,-17.5,-13.9,-7.4,2.9,10.2,15,18,16.8,10.6,4.6,-5.6,-13.8,1.7,3.20,-15.07,1.90,16.60,5.82,19.18,19.2,2.03,1.47,0.25,80.53,8.67,0.00,721.2,762.77,115.37,22.16,1884.57,162.86,605.66,113.28,46.17
926,Reflex,0,17,0,0,27,0,17,0,0,0,39,0,0,0,0,52.66,-110.01,2.8,5.52,588,20,14,20,22,37,72,71,57,34,16,15,20,398,65,54,79,200,-17.1,-12.4,-6.7,3.7,11,15.4,17.8,16.4,10.7,4.8,-5.3,-12.7,2.1,3.40,-14.07,2.67,16.53,6.30,22.40,22.4,102.22,1.20,0.29,63.30,9.40,0.00,13266.35,10566.62,5528.74,4.36,5234.62,35885,92.64,784.2,45022.41
928,Lac Pelletier,16,27,1,3,0,8,15,0,5,9,0,10,1,4,1,49.99,-107.94,8.8,3.02,826,19,16,19,25,44,68,48,36,33,16,14,17,355,63,52,88,152,-13.1,-9.6,-4.3,4.3,10.7,15.3,18.3,17.5,11.5,5.7,-3.8,-10,3.5,4.47,-10.90,3.57,17.03,6.64,20.95,21.67,0.41,2.16,0.36,130.70,9.46,0.54,315.8,342.62,342.62,23.58,357.11,127.5,101.4,18.56,38.67
929,Richmond,3,23,1,1,21,0,14,0,3,4,26,0,0,3,1,52.00,-108.02,1.8,3.18,627,16,13,19,22,40,62,61,45,31,16,15,17,357,62,46,81,168,-18,-13.8,-7.3,3.3,11,15.2,17.8,16.7,10.7,4.4,-6.2,-14,1.7,2.97,-15.27,2.33,16.57,6.77,18.06,18.06,10.02,1.49,0.50,54.60,8.62,0.00,527.67,641.48,2.4,83.14,8721.85,2967.5,1025.42,180.96,181.77
930,Dewey,4,24,2,1,22,0,15,0,3,2,24,0,0,3,1,50.58,-107.07,2.3,0.53,735,18,16,18,21,40,66,52,38,34,17,14,19,353,65,53,79,156,-14.6,-11.3,-5.3,4.1,11,15.7,18.7,17.6,11.5,5.6,-4.2,-11,3.2,4.30,-12.30,3.27,17.33,6.80,18.80,19.03,8.54,1.41,0.27,41.05,8.40,0.00,576.82,653.07,49.99,130.8,10779.76,2627,1795.5,178.1,257.89
931,Round,17,15,1,2,15,0,13,0,9,8,10,1,1,7,1,50.54,-102.40,10.4,11.57,439,19,14,20,24,45,66,57,56,47,25,16,19,408,88,52,89,179,-17.6,-13.7,-6.9,3.7,11.2,16.1,18.9,17.5,11.5,5.1,-5.3,-13.8,2.2,3.77,-15.03,2.67,17.50,7.26,21.53,22.6,0.83,2.92,0.17,94.52,8.82,0.00,248.02,286.47,15.92,77.72,424.29,159.7,68.11,20.09,60.28
933,Pasqua,15,15,1,1,16,0,18,0,7,6,13,0,0,6,1,50.78,-103.95,12.5,18.69,476,19,13,18,21,49,71,60,49,44,22,16,18,400,82,50,88,180,-17.7,-13.5,-6.9,3.5,11.1,16,18.9,17.7,11.5,5.5,-5.3,-13.4,2.3,3.90,-14.87,2.57,17.53,7.21,21.13,22.3,0.77,3.19,0.15,54.23,8.78,0.00,228.85,262.18,16.8,67.15,399.31,158.4,56.6,19.59,69.11
934,Lenore SB,6,19,1,2,9,0,21,0,7,7,17,1,0,8,3,52.44,-105.02,9.1,0.00,521,21,17,22,20,40,64,64,50,41,24,17,21,401,82,59,82,178,-19.5,-15.4,-8.9,2.3,10.5,15.3,17.9,16.8,10.7,4.3,-6.7,-15,1,2.77,-16.63,1.30,16.67,7.06,20.95,21.54,2.21,0.00,0.49,53.09,9.38,2.70,369.38,408.36,41.7,77.14,1665.03,283.6,303.8,63.55,104.62
935,L. Manitou,8,16,0,0,10,0,23,0,8,9,26,0,0,0,0,52.61,-109.60,3.8,6.73,492,16,14,17,20,38,69,56,42,36,18,13,16,355,67,46,75,167,-18,-14.1,-7.4,3.4,11.3,15.8,18.8,17.7,11.6,5.3,-5.4,-13.1,2.2,3.83,-15.07,2.43,17.43,6.46,21.45,21.56,44.43,0.00,0.55,132.20,9.19,0.00,599.35,654.31,75.8,294.7,36020.48,11412,8267,485.4,9741.1
936,Adrian,7,21,0,1,12,0,27,0,2,7,15,0,1,5,0,49.69,-102.87,1.2,0.25,607,19,15,19,29,50,70,59,54,46,24,15,18,418,85,52,98,183,-16.5,-13.6,-6.1,3.7,10.9,15.9,19.1,17.6,11.7,5.5,-4.9,-12.9,2.5,4.10,-14.33,2.83,17.53,6.76,19.83,19.8,0.79,1.88,0.20,94.93,9.13,0.00,770.81,843.12,95.9,18.67,190.3,283.1,59.84,57.56,40.85
937,Gull,12,22,1,2,12,0,20,0,6,7,11,0,0,7,1,50.11,-108.50,5,0.59,793,21,17,21,26,42,68,48,37,33,16,15,17,361,64,55,89,153,-13.4,-9.6,-4.4,4.3,10.8,15.4,18.2,17.3,11.3,5.7,-3.8,-9.7,3.5,4.40,-10.90,3.57,16.97,6.95,20.08,20.1,2.04,1.55,0.00,99.47,8.96,0.00,310.05,336.31,41.35,126.3,1584.97,533.3,224.73,46.63,107.46
938,Deadmoose,8,18,0,1,13,0,20,0,7,6,18,0,0,7,2,52.31,-105.17,15.1,10.70,535,21,17,21,20,39,66,62,48,40,22,16,20,392,78,58,80,176,-19.2,-15.3,-8.6,2.5,10.7,15.3,18,17,11,4.5,-6.5,-14.6,1.2,3.00,-16.37,1.53,16.77,6.99,12.53,19.8,12.27,3.14,0.25,54.24,8.87,13.43,260.1,273.53,43.14,129.6,4303.93,2316,735.46,128.88,2168.43
939,Success,5,23,0,0,5,0,23,0,4,4,32,0,0,3,0,50.49,-108.02,17.4,1.42,710,19,15,18,23,41,68,50,36,32,16,13,15,346,61,49,82,154,-13.9,-10.3,-4.6,4.5,11.3,16,18.7,17.9,11.8,5.9,-3.9,-10.3,3.6,4.60,-11.50,3.73,17.53,6.64,11.21,22.25,34.97,1.70,0.15,55.79,8.62,34.62,1511.97,1665.49,353.98,34.99,15361.92,6418,2648.5,376.2,1244.21
940,Luck,2,29,0,1,0,3,27,0,6,6,0,15,0,8,2,51.05,-107.09,0.8,28.27,578,17,14,16,20,37,62,53,36,31,17,13,17,333,61,48,73,151,-15.7,-12.3,-5.8,4.3,11.6,16.1,19,17.8,11.8,5.7,-4.5,-11.8,3,4.33,-13.27,3.37,17.63,6.65,18.20,18.2,4.55,1.83,0.13,96.65,9.64,0.00,273.43,237.51,94.56,91.49,4514.06,1184.2,791.01,118.5,188.18
941,Chapleau,11,19,0,2,14,0,19,0,5,8,12,0,1,7,1,50.18,-103.34,1.4,1.95,650,21,16,19,27,51,71,59,54,47,24,17,21,427,88,58,97,184,-17.2,-13.5,-6.7,3.2,10.6,15.5,18.4,17.3,11,5.1,-5.1,-13.1,2.1,3.67,-14.60,2.37,17.07,7.03,21.53,21.53,0.41,2.72,0.27,112.97,9.00,0.00,217.15,249.47,15.27,37.58,234.29,40.77,67.85,13.23,15.21
942,Madge,22,14,1,1,12,0,15,0,7,6,13,0,0,6,1,51.65,-101.63,12.3,12.18,609,21,16,26,23,43,75,70,63,52,28,21,22,460,101,59,92,208,-19.9,-16,-9.4,1.7,9.7,14.6,17.2,15.8,9.8,3.8,-7.1,-16.2,0.3,2.17,-17.37,0.67,15.87,6.05,19.41,20.9,0.38,6.54,0.24,96.30,8.36,0.00,178.33,216.56,1.04,54.75,244.43,14.74,60.08,13.2,4.88
943,Middle,5,25,0,0,5,0,28,0,3,7,21,0,0,6,0,52.57,-105.21,10,8.34,513,21,17,22,21,41,65,64,51,41,23,17,22,405,81,60,84,180,-19.5,-15.5,-8.8,2.4,10.6,15.2,17.9,16.5,10.7,4.2,-6.8,-14.7,1,2.70,-16.57,1.40,16.53,6.62,16.79,19.87,5.14,2.70,0.27,79.18,8.93,5.95,431.38,479.29,46.34,108.1,4110.85,934.8,689.5,99.29,329.24
944,Wakaw,8,23,1,2,6,0,19,0,7,6,15,1,0,8,2,52.64,-105.64,10.3,11.66,542,20,16,21,22,41,66,65,51,40,22,17,21,402,79,57,84,182,-18.5,-15.4,-8.6,2.6,10.7,15.4,17.7,16.2,10.5,4.1,-7.3,-14.3,1.1,2.43,-16.07,1.57,16.43,6.75,19.73,21.12,1.53,3.23,0.36,99.42,8.54,1.91,186.4,223.96,223.96,129.6,1134.01,186.3,201.96,26.85,35.35
945,Thackery,9,26,1,1,0,11,22,0,5,6,0,11,0,6,1,52.53,-108.71,1.6,0.00,654,18,13,20,23,36,67,67,51,33,16,16,20,380,65,51,79,185,-18.1,-14.1,-8,2.8,10.4,14.8,17.2,16.1,10.3,4.2,-6.4,-14.1,1.3,2.70,-15.43,1.73,16.03,5.99,19.63,19.63,1.17,2.59,0.28,59.10,9.42,0.00,323.81,361.05,33.53,73.47,829.51,237.1,115.9,40,91.54
946,X3,11,28,1,2,0,13,13,0,5,7,0,10,0,7,1,51.94,-107.59,0.58,1.99,546,17,13,20,22,40,61,62,41,31,18,16,19,360,65,49,82,164,-17.8,-13.7,-7,3.7,11.4,15.8,18.3,17.2,11.2,4.8,-5.9,-13.8,2,3.37,-15.10,2.70,17.10,6.73,20.15,20.15,3.08,2.05,0.24,88.10,9.77,0.00,151.56,178.49,6.35,275.1,2903.65,556.1,352.8,33.35,76.14
947,Redberry,7,16,3,1,0,8,10,0,14,2,2,19,0,13,6,52.71,-107.19,14.8,0.00,501,19,13,20,21,39,64,66,48,35,18,15,20,378,68,52,80,178,-18.2,-14.3,-7.9,3.2,11.2,15.6,17.8,16.4,10.7,4.4,-6.5,-14,1.5,2.87,-15.50,2.17,16.60,6.44,12.15,19.82,8.61,2.72,0.14,111.56,9.09,9.65,519.78,547.78,547.78,79.52,12472.72,1793,2032.14,163.12,143.42
948,Fishing,6,21,1,2,0,6,18,0,9,7,1,15,0,9,4,51.81,-103.55,11.5,30.77,527,22,16,25,23,47,68,65,54,46,26,21,21,434,93,59,95,187,-20.1,-15.4,-9.3,1.9,10,14.7,17.4,16.1,10.2,4.2,-6.6,-15,0.7,2.60,-16.83,0.87,16.07,7.19,20.21,22.41,4.66,3.24,0.29,105.07,9.19,4.83,274.92,306.64,28.37,97.18,1878.64,359.85,328.35,48.81,160.18
949,Antelope,7,30,1,2,0,8,9,0,5,6,1,23,0,6,2,50.27,-108.40,7.7,6.13,700,20,15,19,24,41,67,48,36,32,15,14,15,346,61,50,84,151,-13.5,-9.7,-4.2,4.8,11.4,16,18.8,17.9,12,6.1,-3.6,-9.7,3.9,4.83,-10.97,4.00,17.57,6.36,21.45,22.31,7.86,1.27,0.26,169.22,9.40,8.83,679.77,754.13,74.15,73.89,6756.39,2310.5,1038.2,146.34,417.17
950,Coldspring,5,23,1,2,0,7,23,0,3,2,0,33,0,2,1,52.34,-108.58,2.4,3.56,639,17,12,19,23,36,65,65,48,32,15,15,18,365,62,47,78,178,-18.1,-13.8,-7.7,3.1,10.7,14.9,17.5,16.5,10.6,4.4,-6.3,-13.9,1.5,2.90,-15.27,2.03,16.30,6.44,19.00,19,5.86,2.29,0.29,89.08,8.62,0.00,500.28,555.61,53.98,90.34,4765.24,1536,601.8,104.7,444.68
951,Reesor,20,16,1,1,0,18,15,0,8,5,0,9,0,7,1,49.66,-110.11,5,0.52,0,0,0,0,0,0,0,0,0,0,0,0,0,0,0,0,0,0,0,0,0,0,0,0,0,0,0,0,0,0,0,0.00,0.00,0.00,15.37,5.90,18.90,18.9,0.14,0.00,0.31,83.78,8.48,0.00,154.72,188.81,0,38.41,97.56,22.86,16.1,2.78,7.75
952,Eaglehill,4,30,1,1,0,7,26,0,4,6,0,15,1,5,1,52.37,-109.00,1.1,1.84,633,17,12,19,22,35,66,65,49,32,15,16,19,367,21,16,25,60,-17.9,-13.5,-7.7,3.2,10.6,14.9,17.5,16.4,10.7,4.5,-6,-13.6,1.6,3.07,-15.00,2.03,16.27,6.12,19.40,19.4,2.64,2.31,0.17,1.80,9.03,0.00,318.41,388.56,388.56,56.02,745.57,755.7,123.6,89.15,803.11
953,Pike,13,25,1,1,0,13,21,0,5,4,0,13,0,4,1,51.90,-106.82,2.5,2.59,482,17,14,17,21,39,60,57,39,32,18,14,18,346,21,16,26,52,-17.7,-13.6,-6.9,3.9,11.5,16.1,18.7,17.5,11.4,5.1,-5.5,-13.4,2.3,3.67,-14.90,2.83,17.43,6.30,19.65,19.9,0.26,1.10,0.43,88.10,8.66,0.00,249.25,291.2,12.74,32.57,31.49,53.48,33.68,5.4,26.94
954,Sunny,4,15,0,1,0,9,23,0,6,5,0,30,0,5,2,52.02,-108.52,15,1.08,672,17,12,19,23,37,63,62,46,31,15,15,17,357,20,15,26,57,-17.9,-13.5,-7.5,3.1,10.7,15.1,17.6,16.6,10.6,4.4,-6,-13.7,1.6,3.00,-15.03,2.10,16.43,6.80,9.58,22.9,11.61,2.50,0.24,33.92,8.50,0.00,1736.19,1979.6,275.99,58.83,11950.7,3389,2275,217.4,272.78
955,Handsome,8,25,1,2,0,11,21,0,6,6,0,13,0,7,1,50.50,-107.39,1.9,1.18,708,18,15,17,21,40,66,51,37,33,17,14,17,346,21,17,26,51,-14.1,-10.7,-4.9,4.4,11.2,16,18.7,17.9,11.7,5.8,-4,-10.7,3.4,4.50,-11.83,3.57,17.53,6.80,18.37,18.37,2.19,1.62,0.21,388.03,9.04,0.00,522.68,576.93,59.89,96.31,1684.03,776.5,129.7,52.8,27.25
1242,Peter,5,22,1,2,0,9,17,0,8,7,1,15,1,10,3,51.45,-104.94,0.5,1.43,523,17,14,20,21,43,69,60,44,40,20,14,18,380,25,16,28,58,-17.9,-13.8,-7.5,3.4,11.2,15.8,18.7,17.8,11.5,5.2,-5.3,-13.3,2.2,3.80,-15.00,2.37,17.43,6.82,22.40,22.4,2.78,2.38,0.46,190.50,9.49,0.00,180.91,207.56,12.99,130.7,2141.62,566.3,309.5,50,227.47
1243,Summercove,18,19,1,1,0,16,17,0,6,6,0,8,0,5,1,49.32,-107.04,5,0.70,821,15,13,15,21,48,62,49,34,31,16,11,13,328,19,14,28,48,-13.3,-9.7,-3.7,4.8,11.3,16.1,19.3,18.4,12,6,-3.6,-10.2,4,4.80,-11.07,4.13,17.93,6.63,20.01,20.16,0.98,1.96,0.22,84.83,8.97,0.00,401.32,446.39,42.63,55.28,558.3,221.8,63.23,13.46,16.31
1388,Thomson,16,19,1,2,0,15,17,0,6,10,0,8,0,6,1,49.76,-106.58,8.3,8.73,725,19,16,17,23,45,63,50,37,34,17,13,18,352,21,18,28,50,-13.4,-9.8,-3.8,4.9,11.6,16.5,19.5,18.4,12.2,6.2,-3.5,-10.3,4,4.97,-11.17,4.23,18.13,6.81,20.23,21,1.07,1.95,0.00,67.11,8.87,0.00,284.24,324.61,21.88,68.74,875.98,293.5,63.91,13.89,29.92
,,,,,,,,,,,,,,,,,,,,,,,,,,,,,,,,,,,,,,,,,,,,,,,,,,,,,,,,,,,,,,,,,,,,,,,,,
,,,,,,,,,,,,,,,,,,,,,,,,,,,,,,,,,,,,,,,,,,,,,,,,,,,,,,,,,,,,,,,,,,,,,,,,,
,,,,,,,,,,,,,,,,,,,,,,,,,,,,,,,,,,,,,,,,,,,,,,,,,,,,,,,,,,,,,,,,,,,,,,,,,
,,,,,,,,,,,,,,,,,,,,,,,,,,,,,,,,,,,,,,,,,,,,,,,,,,,,,,,,,,,,,,,,,,,,,,,,,
,,,,,,,,,,,,,,,,,,,,,,,,,,,,,,,,,,,,,,,,,,,,,,,,,,,,,,,,,,,,,,,,,,,,,,,,,
,,,,,,,,,,,,,,,,,,,,,,,,,,,,,,,,,,,,,,,,,,,,,,,,,,,,,,,,,,,,,,,,,,,,,,,,,
,,,,,,,,,,,,,,,,,,,,,,,,,,,,,,,,,,,,,,,,,,,,,,,,,,,,,,,,,,,,,,,,,,,,,,,,,
,,,,,,,,,,,,,,,,,,,,,,,,,,,,,,,,,,,,,,,,,,,,,,,,,,,,,,,,,,,,,,,,,,,,,,,,,
,,,,,,,,,,,,,,,,,,,,,,,,,,,,,,,,,,,,,,,,,,,,,,,,,,,,,,,,,,,,,,,,,,,,,,,,,
,,,,,,,,,,,,,,,,,,,,,,,,,,,,,,,,,,,,,,,,,,,,,,,,,,,,,,,,,,,,,,,,,,,,,,,,,
