Bacteria_ID,Bacteria_type,Concentration,Salinity ,Soil_ph,MAT,Sample Depth,WAT,SpringT,SummerT
1,IIIa,12,0.35,7.08,3.1,2.7,21.62,3.23,17.97
1,IIIa,11,0.72,6.82,0.5,3.3,20.7,0.47,15.73
1,IIIa,4,13.63,6.12,2.1,4.1,18.57,2.63,16.43
1,IIIa,13,0.18,6.59,3.9,2,21.7,4.07,17.17
1,IIIa,4,1.53,7.06,2.1,2.2,21.85,2.23,17.07
1,IIIa,0,40.84,6.48,3.6,15,17.58,3.8,17.4
1,IIIa,4,6.56,6.63,1.7,3.1,22.3,2.23,16.6
1,IIIa,7,0.82,7.1,1.1,3,22.07,1.5,16.43
1,IIIa,14,0.43,6.78,2,7.9,19.13,2.47,17.17
1,IIIa,0,13.48,6.88,1.3,19.9,9.83,1.57,16.87
1,IIIa,14,0.41,6.71,2.2,3,22.56,2.63,16.97
1,IIIa,18,0.79,7.22,2.2,22.4,15.68,2.43,17.43
1,IIIa,7,2.83,6.61,1.7,2.8,21.1,2.17,16.33
1,IIIa,11,1.89,6.25,2,0.8,24.25,2.37,16.67
1,IIIa,16,1.38,6.57,4,7.2,19.8,4.17,17.8
1,IIIa,5,1.32,5.88,1.6,7.4,19.14,1.9,16.5
1,IIIa,8,1.26,6.93,2.8,1.6,20.43,3.3,17.53
1,IIIa,5,0.84,7.23,1.3,6.3,21.02,1.6,16.9
1,IIIa,5,0,6.62,1.9,4,19.16,2.37,17.13
1,IIIa,17,0.18,6.2,2.4,7.9,18.74,2.03,15.37
1,IIIa,1,11.56,6.32,1.7,3.4,23.45,2.17,16.53
1,IIIa,8,1.27,7.07,1.2,1.8,21.66,1.47,16.37
1,IIIa,11,0.8,6.76,2,2.8,20.54,2.5,16.43
1,IIIa,0,49.87,6.45,3.8,0.1,22,4,17.5
1,IIIa,4,50.21,6.78,3.9,2.4,23.46,4.1,17.87
1,IIIa,18,0.66,6.52,3.7,9,19.34,3.83,17.27
1,IIIa,3,6.44,6.67,1.9,0.9,19.5,2.53,16.97
1,IIIa,28,13.92,6.67,1.7,0.58,21.1,2.2,16.2
1,IIIa,17,0.23,6.3,1.9,8,19.82,2.43,16.27
1,IIIa,11,1.67,6.21,0.9,11.2,15.65,1.27,16.3
1,IIIa,11,0.52,6.41,0.6,6.8,21.72,0.9,16.03
1,IIIa,11,1.09,7,1.3,3,22.8,1.4,16.77
1,IIIa,28,74.84,6.57,3.2,3.2,19.6,3.53,17.4
1,IIIa,12,0.19,6.66,4.1,4,20.03,4.23,17.37
1,IIIa,26,2.98,6.92,2.2,1.6,22.73,2.8,17.1
1,IIIa,4,0.31,6.86,3.4,4.1,22.51,3.57,18.3
1,IIIa,15,0.33,6.17,0.2,7.5,20.15,0.43,15.73
1,IIIa,5,2.01,6.8,4.3,0.7,19.4,4.5,18.67
1,IIIa,3,15.11,6.59,4,0.9,19.1,4.17,17.7
1,IIIa,7,4.97,6.63,3.8,1.9,19.3,3.93,17.63
1,IIIa,9,0.3,6.73,2.7,5.6,19.08,2.73,16.17
1,IIIa,18,7.43,7.11,0.6,5.6,19.83,0.8,15.97
1,IIIa,19,0.38,6.8,4,4.2,20.55,4.17,17.63
1,IIIa,3,3.62,6.8,1.9,6.7,19.76,2.47,16.4
1,IIIa,1,46.22,6.3,1.9,0.065,20.54,2.47,16.47
1,IIIa,15,0.25,6.6,0.4,1.3,22.1,0.53,15.97
1,IIIa,0,25.09,6.8,3.6,3.8,19.9,3.63,18
1,IIIa,14,0.64,6.98,1.5,2,21.27,1.73,16.63
1,IIIa,3,3.57,6.77,2,0.4,16.5,2.5,16.53
1,IIIa,5,8.3,6.86,1.1,6.7,15.06,1.43,16.5
1,IIIa,7,4.23,6.54,1.7,6.5,19.05,2.27,16.77
1,IIIa,6,0.8,7.15,1.5,3.1,21.24,1.73,17.07
1,IIIa,14,0.68,6.63,3.2,7,19.08,3.5,17.43
1,IIIa,17,0.42,6.81,2.6,1.6,17.57,2.77,17.17
1,IIIa,10,1.36,6.86,2.4,1.9,21.1,2.43,17.53
1,IIIa,6,1.67,7.15,3,1.2,18.65,3.4,17.53
1,IIIa,19,0.82,7.37,2.2,10.2,21.33,2.63,17.43
1,IIIa,6,4.9,6.91,0.5,8.8,16.78,0.73,15.93
1,IIIa,9,2.41,6.6,3.4,2.4,20.43,3.5,17.6
1,IIIa,4,2.03,5.82,1.7,8.5,19.18,1.9,16.6
1,IIIa,0,102.22,6.3,2.1,2.8,22.4,2.67,16.53
1,IIIa,16,0.41,6.64,3.5,8.8,20.95,3.57,17.03
1,IIIa,3,10.02,6.77,1.7,1.8,18.06,2.33,16.57
1,IIIa,4,8.54,6.8,3.2,2.3,18.8,3.27,17.33
1,IIIa,17,0.83,7.26,2.2,10.4,21.53,2.67,17.5
1,IIIa,15,0.77,7.21,2.3,12.5,21.13,2.57,17.53
1,IIIa,6,2.21,7.06,1,9.1,20.95,1.3,16.67
1,IIIa,8,44.43,6.46,2.2,3.8,21.45,2.43,17.43
1,IIIa,7,0.79,6.76,2.5,1.2,19.83,2.83,17.53
1,IIIa,12,2.04,6.95,3.5,5,20.08,3.57,16.97
1,IIIa,8,12.27,6.99,1.2,15.1,12.53,1.53,16.77
1,IIIa,5,34.97,6.64,3.6,17.4,11.21,3.73,17.53
1,IIIa,2,4.55,6.65,3,0.8,18.2,3.37,17.63
1,IIIa,11,0.41,7.03,2.1,1.4,21.53,2.37,17.07
1,IIIa,22,0.38,6.05,0.3,12.3,19.41,0.67,15.87
1,IIIa,5,5.14,6.62,1,10,16.79,1.4,16.53
1,IIIa,8,1.53,6.75,1.1,10.3,19.73,1.57,16.43
1,IIIa,9,1.17,5.99,1.3,1.6,19.63,1.73,16.03
1,IIIa,11,3.08,6.73,2,0.58,20.15,2.7,17.1
1,IIIa,7,8.61,6.44,1.5,14.8,12.15,2.17,16.6
1,IIIa,6,4.66,7.19,0.7,11.5,20.21,0.87,16.07
1,IIIa,7,7.86,6.36,3.9,7.7,21.45,4,17.57
1,IIIa,5,5.86,6.44,1.5,2.4,19,2.03,16.3
1,IIIa,20,0.14,5.9,0,5,18.9,0,15.37
1,IIIa,4,2.64,6.12,1.6,1.1,19.4,2.03,16.27
1,IIIa,13,0.26,6.3,2.3,2.5,19.65,2.83,17.43
1,IIIa,4,11.61,6.8,1.6,15,9.58,2.1,16.43
1,IIIa,8,2.19,6.8,3.4,1.9,18.37,3.57,17.53
1,IIIa,5,2.78,6.82,2.2,0.5,22.4,2.37,17.43
1,IIIa,18,0.98,6.63,4,5,20.01,4.13,17.93
1,IIIa,16,1.07,6.81,4,8.3,20.23,4.23,18.13
2,IIIa.,1,0.35,7.08,3.1,2.7,21.62,3.23,17.97
2,IIIa.,0,0.72,6.82,0.5,3.3,20.7,0.47,15.73
2,IIIa.,0,13.63,6.12,2.1,4.1,18.57,2.63,16.43
2,IIIa.,17,0.18,6.59,3.9,2,21.7,4.07,17.17
2,IIIa.,0,1.53,7.06,2.1,2.2,21.85,2.23,17.07
2,IIIa.,0,40.84,6.48,3.6,15,17.58,3.8,17.4
2,IIIa.,0,6.56,6.63,1.7,3.1,22.3,2.23,16.6
2,IIIa.,1,0.82,7.1,1.1,3,22.07,1.5,16.43
2,IIIa.,2,0.43,6.78,2,7.9,19.13,2.47,17.17
2,IIIa.,0,13.48,6.88,1.3,19.9,9.83,1.57,16.87
2,IIIa.,1,0.41,6.71,2.2,3,22.56,2.63,16.97
2,IIIa.,1,0.79,7.22,2.2,22.4,15.68,2.43,17.43
2,IIIa.,0,2.83,6.61,1.7,2.8,21.1,2.17,16.33
2,IIIa.,1,1.89,6.25,2,0.8,24.25,2.37,16.67
2,IIIa.,1,1.38,6.57,4,7.2,19.8,4.17,17.8
2,IIIa.,0,1.32,5.88,1.6,7.4,19.14,1.9,16.5
2,IIIa.,24,1.26,6.93,2.8,1.6,20.43,3.3,17.53
2,IIIa.,1,0.84,7.23,1.3,6.3,21.02,1.6,16.9
2,IIIa.,26,0,6.62,1.9,4,19.16,2.37,17.13
2,IIIa.,1,0.18,6.2,2.4,7.9,18.74,2.03,15.37
2,IIIa.,0,11.56,6.32,1.7,3.4,23.45,2.17,16.53
2,IIIa.,0,1.27,7.07,1.2,1.8,21.66,1.47,16.37
2,IIIa.,0,0.8,6.76,2,2.8,20.54,2.5,16.43
2,IIIa.,0,49.87,6.45,3.8,0.1,22,4,17.5
2,IIIa.,0,50.21,6.78,3.9,2.4,23.46,4.1,17.87
2,IIIa.,20,0.66,6.52,3.7,9,19.34,3.83,17.27
2,IIIa.,0,6.44,6.67,1.9,0.9,19.5,2.53,16.97
2,IIIa.,0,13.92,6.67,1.7,0.58,21.1,2.2,16.2
2,IIIa.,1,0.23,6.3,1.9,8,19.82,2.43,16.27
2,IIIa.,6,1.67,6.21,0.9,11.2,15.65,1.27,16.3
2,IIIa.,19,0.52,6.41,0.6,6.8,21.72,0.9,16.03
2,IIIa.,18,1.09,7,1.3,3,22.8,1.4,16.77
2,IIIa.,13,74.84,6.57,3.2,3.2,19.6,3.53,17.4
2,IIIa.,23,0.19,6.66,4.1,4,20.03,4.23,17.37
2,IIIa.,5,2.98,6.92,2.2,1.6,22.73,2.8,17.1
2,IIIa.,12,0.31,6.86,3.4,4.1,22.51,3.57,18.3
2,IIIa.,24,0.33,6.17,0.2,7.5,20.15,0.43,15.73
2,IIIa.,34,2.01,6.8,4.3,0.7,19.4,4.5,18.67
2,IIIa.,0,15.11,6.59,4,0.9,19.1,4.17,17.7
2,IIIa.,22,4.97,6.63,3.8,1.9,19.3,3.93,17.63
2,IIIa.,1,0.3,6.73,2.7,5.6,19.08,2.73,16.17
2,IIIa.,19,7.43,7.11,0.6,5.6,19.83,0.8,15.97
2,IIIa.,18,0.38,6.8,4,4.2,20.55,4.17,17.63
2,IIIa.,0,3.62,6.8,1.9,6.7,19.76,2.47,16.4
2,IIIa.,0,46.22,6.3,1.9,0.065,20.54,2.47,16.47
2,IIIa.,1,0.25,6.6,0.4,1.3,22.1,0.53,15.97
2,IIIa.,0,25.09,6.8,3.6,3.8,19.9,3.63,18
2,IIIa.,20,0.64,6.98,1.5,2,21.27,1.73,16.63
2,IIIa.,36,3.57,6.77,2,0.4,16.5,2.5,16.53
2,IIIa.,0,8.3,6.86,1.1,6.7,15.06,1.43,16.5
2,IIIa.,1,4.23,6.54,1.7,6.5,19.05,2.27,16.77
2,IIIa.,1,0.8,7.15,1.5,3.1,21.24,1.73,17.07
2,IIIa.,1,0.68,6.63,3.2,7,19.08,3.5,17.43
2,IIIa.,18,0.42,6.81,2.6,1.6,17.57,2.77,17.17
2,IIIa.,21,1.36,6.86,2.4,1.9,21.1,2.43,17.53
2,IIIa.,32,1.67,7.15,3,1.2,18.65,3.4,17.53
2,IIIa.,16,0.82,7.37,2.2,10.2,21.33,2.63,17.43
2,IIIa.,1,4.9,6.91,0.5,8.8,16.78,0.73,15.93
2,IIIa.,20,2.41,6.6,3.4,2.4,20.43,3.5,17.6
2,IIIa.,22,2.03,5.82,1.7,8.5,19.18,1.9,16.6
2,IIIa.,17,102.22,6.3,2.1,2.8,22.4,2.67,16.53
2,IIIa.,27,0.41,6.64,3.5,8.8,20.95,3.57,17.03
2,IIIa.,23,10.02,6.77,1.7,1.8,18.06,2.33,16.57
2,IIIa.,24,8.54,6.8,3.2,2.3,18.8,3.27,17.33
2,IIIa.,15,0.83,7.26,2.2,10.4,21.53,2.67,17.5
2,IIIa.,15,0.77,7.21,2.3,12.5,21.13,2.57,17.53
2,IIIa.,19,2.21,7.06,1,9.1,20.95,1.3,16.67
2,IIIa.,16,44.43,6.46,2.2,3.8,21.45,2.43,17.43
2,IIIa.,21,0.79,6.76,2.5,1.2,19.83,2.83,17.53
2,IIIa.,22,2.04,6.95,3.5,5,20.08,3.57,16.97
2,IIIa.,18,12.27,6.99,1.2,15.1,12.53,1.53,16.77
2,IIIa.,23,34.97,6.64,3.6,17.4,11.21,3.73,17.53
2,IIIa.,29,4.55,6.65,3,0.8,18.2,3.37,17.63
2,IIIa.,19,0.41,7.03,2.1,1.4,21.53,2.37,17.07
2,IIIa.,14,0.38,6.05,0.3,12.3,19.41,0.67,15.87
2,IIIa.,25,5.14,6.62,1,10,16.79,1.4,16.53
2,IIIa.,23,1.53,6.75,1.1,10.3,19.73,1.57,16.43
2,IIIa.,26,1.17,5.99,1.3,1.6,19.63,1.73,16.03
2,IIIa.,28,3.08,6.73,2,0.58,20.15,2.7,17.1
2,IIIa.,16,8.61,6.44,1.5,14.8,12.15,2.17,16.6
2,IIIa.,21,4.66,7.19,0.7,11.5,20.21,0.87,16.07
2,IIIa.,30,7.86,6.36,3.9,7.7,21.45,4,17.57
2,IIIa.,23,5.86,6.44,1.5,2.4,19,2.03,16.3
2,IIIa.,16,0.14,5.9,0,5,18.9,0,15.37
2,IIIa.,30,2.64,6.12,1.6,1.1,19.4,2.03,16.27
2,IIIa.,25,0.26,6.3,2.3,2.5,19.65,2.83,17.43
2,IIIa.,15,11.61,6.8,1.6,15,9.58,2.1,16.43
2,IIIa.,25,2.19,6.8,3.4,1.9,18.37,3.57,17.53
2,IIIa.,22,2.78,6.82,2.2,0.5,22.4,2.37,17.43
2,IIIa.,19,0.98,6.63,4,5,20.01,4.13,17.93
2,IIIa.,19,1.07,6.81,4,8.3,20.23,4.23,18.13
3,IIIb,19,0.35,7.08,3.1,2.7,21.62,3.23,17.97
3,IIIb,20,0.72,6.82,0.5,3.3,20.7,0.47,15.73
3,IIIb,14,13.63,6.12,2.1,4.1,18.57,2.63,16.43
3,IIIb,1,0.18,6.59,3.9,2,21.7,4.07,17.17
3,IIIb,28,1.53,7.06,2.1,2.2,21.85,2.23,17.07
3,IIIb,32,40.84,6.48,3.6,15,17.58,3.8,17.4
3,IIIb,19,6.56,6.63,1.7,3.1,22.3,2.23,16.6
3,IIIb,21,0.82,7.1,1.1,3,22.07,1.5,16.43
3,IIIb,18,0.43,6.78,2,7.9,19.13,2.47,17.17
3,IIIb,16,13.48,6.88,1.3,19.9,9.83,1.57,16.87
3,IIIb,16,0.41,6.71,2.2,3,22.56,2.63,16.97
3,IIIb,19,0.79,7.22,2.2,22.4,15.68,2.43,17.43
3,IIIb,15,2.83,6.61,1.7,2.8,21.1,2.17,16.33
3,IIIb,32,1.89,6.25,2,0.8,24.25,2.37,16.67
3,IIIb,18,1.38,6.57,4,7.2,19.8,4.17,17.8
3,IIIb,21,1.32,5.88,1.6,7.4,19.14,1.9,16.5
3,IIIb,1,1.26,6.93,2.8,1.6,20.43,3.3,17.53
3,IIIb,19,0.84,7.23,1.3,6.3,21.02,1.6,16.9
3,IIIb,0,0,6.62,1.9,4,19.16,2.37,17.13
3,IIIb,27,0.18,6.2,2.4,7.9,18.74,2.03,15.37
3,IIIb,19,11.56,6.32,1.7,3.4,23.45,2.17,16.53
3,IIIb,25,1.27,7.07,1.2,1.8,21.66,1.47,16.37
3,IIIb,19,0.8,6.76,2,2.8,20.54,2.5,16.43
3,IIIb,0,49.87,6.45,3.8,0.1,22,4,17.5
3,IIIb,8,50.21,6.78,3.9,2.4,23.46,4.1,17.87
3,IIIb,1,0.66,6.52,3.7,9,19.34,3.83,17.27
3,IIIb,23,6.44,6.67,1.9,0.9,19.5,2.53,16.97
3,IIIb,30,13.92,6.67,1.7,0.58,21.1,2.2,16.2
3,IIIb,17,0.23,6.3,1.9,8,19.82,2.43,16.27
3,IIIb,0,1.67,6.21,0.9,11.2,15.65,1.27,16.3
3,IIIb,1,0.52,6.41,0.6,6.8,21.72,0.9,16.03
3,IIIb,1,1.09,7,1.3,3,22.8,1.4,16.77
3,IIIb,0,74.84,6.57,3.2,3.2,19.6,3.53,17.4
3,IIIb,1,0.19,6.66,4.1,4,20.03,4.23,17.37
3,IIIb,0,2.98,6.92,2.2,1.6,22.73,2.8,17.1
3,IIIb,1,0.31,6.86,3.4,4.1,22.51,3.57,18.3
3,IIIb,1,0.33,6.17,0.2,7.5,20.15,0.43,15.73
3,IIIb,0,2.01,6.8,4.3,0.7,19.4,4.5,18.67
3,IIIb,37,15.11,6.59,4,0.9,19.1,4.17,17.7
3,IIIb,0,4.97,6.63,3.8,1.9,19.3,3.93,17.63
3,IIIb,28,0.3,6.73,2.7,5.6,19.08,2.73,16.17
3,IIIb,1,7.43,7.11,0.6,5.6,19.83,0.8,15.97
3,IIIb,1,0.38,6.8,4,4.2,20.55,4.17,17.63
3,IIIb,13,3.62,6.8,1.9,6.7,19.76,2.47,16.4
3,IIIb,43,46.22,6.3,1.9,0.065,20.54,2.47,16.47
3,IIIb,14,0.25,6.6,0.4,1.3,22.1,0.53,15.97
3,IIIb,24,25.09,6.8,3.6,3.8,19.9,3.63,18
3,IIIb,1,0.64,6.98,1.5,2,21.27,1.73,16.63
3,IIIb,0,3.57,6.77,2,0.4,16.5,2.5,16.53
3,IIIb,15,8.3,6.86,1.1,6.7,15.06,1.43,16.5
3,IIIb,15,4.23,6.54,1.7,6.5,19.05,2.27,16.77
3,IIIb,18,0.8,7.15,1.5,3.1,21.24,1.73,17.07
3,IIIb,17,0.68,6.63,3.2,7,19.08,3.5,17.43
3,IIIb,1,0.42,6.81,2.6,1.6,17.57,2.77,17.17
3,IIIb,1,1.36,6.86,2.4,1.9,21.1,2.43,17.53
3,IIIb,2,1.67,7.15,3,1.2,18.65,3.4,17.53
3,IIIb,2,0.82,7.37,2.2,10.2,21.33,2.63,17.43
3,IIIb,12,4.9,6.91,0.5,8.8,16.78,0.73,15.93
3,IIIb,1,2.41,6.6,3.4,2.4,20.43,3.5,17.6
3,IIIb,1,2.03,5.82,1.7,8.5,19.18,1.9,16.6
3,IIIb,0,102.22,6.3,2.1,2.8,22.4,2.67,16.53
3,IIIb,1,0.41,6.64,3.5,8.8,20.95,3.57,17.03
3,IIIb,1,10.02,6.77,1.7,1.8,18.06,2.33,16.57
3,IIIb,2,8.54,6.8,3.2,2.3,18.8,3.27,17.33
3,IIIb,1,0.83,7.26,2.2,10.4,21.53,2.67,17.5
3,IIIb,1,0.77,7.21,2.3,12.5,21.13,2.57,17.53
3,IIIb,1,2.21,7.06,1,9.1,20.95,1.3,16.67
3,IIIb,0,44.43,6.46,2.2,3.8,21.45,2.43,17.43
3,IIIb,0,0.79,6.76,2.5,1.2,19.83,2.83,17.53
3,IIIb,1,2.04,6.95,3.5,5,20.08,3.57,16.97
3,IIIb,0,12.27,6.99,1.2,15.1,12.53,1.53,16.77
3,IIIb,0,34.97,6.64,3.6,17.4,11.21,3.73,17.53
3,IIIb,0,4.55,6.65,3,0.8,18.2,3.37,17.63
3,IIIb,0,0.41,7.03,2.1,1.4,21.53,2.37,17.07
3,IIIb,1,0.38,6.05,0.3,12.3,19.41,0.67,15.87
3,IIIb,0,5.14,6.62,1,10,16.79,1.4,16.53
3,IIIb,1,1.53,6.75,1.1,10.3,19.73,1.57,16.43
3,IIIb,1,1.17,5.99,1.3,1.6,19.63,1.73,16.03
3,IIIb,1,3.08,6.73,2,0.58,20.15,2.7,17.1
3,IIIb,3,8.61,6.44,1.5,14.8,12.15,2.17,16.6
3,IIIb,1,4.66,7.19,0.7,11.5,20.21,0.87,16.07
3,IIIb,1,7.86,6.36,3.9,7.7,21.45,4,17.57
3,IIIb,1,5.86,6.44,1.5,2.4,19,2.03,16.3
3,IIIb,1,0.14,5.9,0,5,18.9,0,15.37
3,IIIb,1,2.64,6.12,1.6,1.1,19.4,2.03,16.27
3,IIIb,1,0.26,6.3,2.3,2.5,19.65,2.83,17.43
3,IIIb,0,11.61,6.8,1.6,15,9.58,2.1,16.43
3,IIIb,1,2.19,6.8,3.4,1.9,18.37,3.57,17.53
3,IIIb,1,2.78,6.82,2.2,0.5,22.4,2.37,17.43
3,IIIb,1,0.98,6.63,4,5,20.01,4.13,17.93
3,IIIb,1,1.07,6.81,4,8.3,20.23,4.23,18.13
4,IIIb.,1,0.35,7.08,3.1,2.7,21.62,3.23,17.97
4,IIIb.,2,0.72,6.82,0.5,3.3,20.7,0.47,15.73
4,IIIb.,0,13.63,6.12,2.1,4.1,18.57,2.63,16.43
4,IIIb.,1,0.18,6.59,3.9,2,21.7,4.07,17.17
4,IIIb.,2,1.53,7.06,2.1,2.2,21.85,2.23,17.07
4,IIIb.,0,40.84,6.48,3.6,15,17.58,3.8,17.4
4,IIIb.,0,6.56,6.63,1.7,3.1,22.3,2.23,16.6
4,IIIb.,8,0.82,7.1,1.1,3,22.07,1.5,16.43
4,IIIb.,2,0.43,6.78,2,7.9,19.13,2.47,17.17
4,IIIb.,0,13.48,6.88,1.3,19.9,9.83,1.57,16.87
4,IIIb.,2,0.41,6.71,2.2,3,22.56,2.63,16.97
4,IIIb.,2,0.79,7.22,2.2,22.4,15.68,2.43,17.43
4,IIIb.,0,2.83,6.61,1.7,2.8,21.1,2.17,16.33
4,IIIb.,1,1.89,6.25,2,0.8,24.25,2.37,16.67
4,IIIb.,1,1.38,6.57,4,7.2,19.8,4.17,17.8
4,IIIb.,2,1.32,5.88,1.6,7.4,19.14,1.9,16.5
4,IIIb.,2,1.26,6.93,2.8,1.6,20.43,3.3,17.53
4,IIIb.,2,0.84,7.23,1.3,6.3,21.02,1.6,16.9
4,IIIb.,0,0,6.62,1.9,4,19.16,2.37,17.13
4,IIIb.,1,0.18,6.2,2.4,7.9,18.74,2.03,15.37
4,IIIb.,2,11.56,6.32,1.7,3.4,23.45,2.17,16.53
4,IIIb.,1,1.27,7.07,1.2,1.8,21.66,1.47,16.37
4,IIIb.,2,0.8,6.76,2,2.8,20.54,2.5,16.43
4,IIIb.,0,49.87,6.45,3.8,0.1,22,4,17.5
4,IIIb.,0,50.21,6.78,3.9,2.4,23.46,4.1,17.87
4,IIIb.,1,0.66,6.52,3.7,9,19.34,3.83,17.27
4,IIIb.,2,6.44,6.67,1.9,0.9,19.5,2.53,16.97
4,IIIb.,0,13.92,6.67,1.7,0.58,21.1,2.2,16.2
4,IIIb.,1,0.23,6.3,1.9,8,19.82,2.43,16.27
4,IIIb.,20,1.67,6.21,0.9,11.2,15.65,1.27,16.3
4,IIIb.,15,0.52,6.41,0.6,6.8,21.72,0.9,16.03
4,IIIb.,4,1.09,7,1.3,3,22.8,1.4,16.77
4,IIIb.,5,74.84,6.57,3.2,3.2,19.6,3.53,17.4
4,IIIb.,1,0.19,6.66,4.1,4,20.03,4.23,17.37
4,IIIb.,21,2.98,6.92,2.2,1.6,22.73,2.8,17.1
4,IIIb.,20,0.31,6.86,3.4,4.1,22.51,3.57,18.3
4,IIIb.,3,0.33,6.17,0.2,7.5,20.15,0.43,15.73
4,IIIb.,1,2.01,6.8,4.3,0.7,19.4,4.5,18.67
4,IIIb.,0,15.11,6.59,4,0.9,19.1,4.17,17.7
4,IIIb.,0,4.97,6.63,3.8,1.9,19.3,3.93,17.63
4,IIIb.,2,0.3,6.73,2.7,5.6,19.08,2.73,16.17
4,IIIb.,1,7.43,7.11,0.6,5.6,19.83,0.8,15.97
4,IIIb.,1,0.38,6.8,4,4.2,20.55,4.17,17.63
4,IIIb.,1,3.62,6.8,1.9,6.7,19.76,2.47,16.4
4,IIIb.,0,46.22,6.3,1.9,0.065,20.54,2.47,16.47
4,IIIb.,1,0.25,6.6,0.4,1.3,22.1,0.53,15.97
4,IIIb.,0,25.09,6.8,3.6,3.8,19.9,3.63,18
4,IIIb.,1,0.64,6.98,1.5,2,21.27,1.73,16.63
4,IIIb.,0,3.57,6.77,2,0.4,16.5,2.5,16.53
4,IIIb.,0,8.3,6.86,1.1,6.7,15.06,1.43,16.5
4,IIIb.,1,4.23,6.54,1.7,6.5,19.05,2.27,16.77
4,IIIb.,1,0.8,7.15,1.5,3.1,21.24,1.73,17.07
4,IIIb.,3,0.68,6.63,3.2,7,19.08,3.5,17.43
4,IIIb.,1,0.42,6.81,2.6,1.6,17.57,2.77,17.17
4,IIIb.,1,1.36,6.86,2.4,1.9,21.1,2.43,17.53
4,IIIb.,2,1.67,7.15,3,1.2,18.65,3.4,17.53
4,IIIb.,2,0.82,7.37,2.2,10.2,21.33,2.63,17.43
4,IIIb.,1,4.9,6.91,0.5,8.8,16.78,0.73,15.93
4,IIIb.,1,2.41,6.6,3.4,2.4,20.43,3.5,17.6
4,IIIb.,2,2.03,5.82,1.7,8.5,19.18,1.9,16.6
4,IIIb.,0,102.22,6.3,2.1,2.8,22.4,2.67,16.53
4,IIIb.,3,0.41,6.64,3.5,8.8,20.95,3.57,17.03
4,IIIb.,1,10.02,6.77,1.7,1.8,18.06,2.33,16.57
4,IIIb.,1,8.54,6.8,3.2,2.3,18.8,3.27,17.33
4,IIIb.,2,0.83,7.26,2.2,10.4,21.53,2.67,17.5
4,IIIb.,1,0.77,7.21,2.3,12.5,21.13,2.57,17.53
4,IIIb.,2,2.21,7.06,1,9.1,20.95,1.3,16.67
4,IIIb.,0,44.43,6.46,2.2,3.8,21.45,2.43,17.43
4,IIIb.,1,0.79,6.76,2.5,1.2,19.83,2.83,17.53
4,IIIb.,2,2.04,6.95,3.5,5,20.08,3.57,16.97
4,IIIb.,1,12.27,6.99,1.2,15.1,12.53,1.53,16.77
4,IIIb.,0,34.97,6.64,3.6,17.4,11.21,3.73,17.53
4,IIIb.,1,4.55,6.65,3,0.8,18.2,3.37,17.63
4,IIIb.,2,0.41,7.03,2.1,1.4,21.53,2.37,17.07
4,IIIb.,1,0.38,6.05,0.3,12.3,19.41,0.67,15.87
4,IIIb.,0,5.14,6.62,1,10,16.79,1.4,16.53
4,IIIb.,2,1.53,6.75,1.1,10.3,19.73,1.57,16.43
4,IIIb.,1,1.17,5.99,1.3,1.6,19.63,1.73,16.03
4,IIIb.,2,3.08,6.73,2,0.58,20.15,2.7,17.1
4,IIIb.,1,8.61,6.44,1.5,14.8,12.15,2.17,16.6
4,IIIb.,2,4.66,7.19,0.7,11.5,20.21,0.87,16.07
4,IIIb.,2,7.86,6.36,3.9,7.7,21.45,4,17.57
4,IIIb.,2,5.86,6.44,1.5,2.4,19,2.03,16.3
4,IIIb.,1,0.14,5.9,0,5,18.9,0,15.37
4,IIIb.,1,2.64,6.12,1.6,1.1,19.4,2.03,16.27
4,IIIb.,1,0.26,6.3,2.3,2.5,19.65,2.83,17.43
4,IIIb.,1,11.61,6.8,1.6,15,9.58,2.1,16.43
4,IIIb.,2,2.19,6.8,3.4,1.9,18.37,3.57,17.53
4,IIIb.,2,2.78,6.82,2.2,0.5,22.4,2.37,17.43
4,IIIb.,1,0.98,6.63,4,5,20.01,4.13,17.93
4,IIIb.,2,1.07,6.81,4,8.3,20.23,4.23,18.13
5,IIIc,17,0.35,7.08,3.1,2.7,21.62,3.23,17.97
5,IIIc,12,0.72,6.82,0.5,3.3,20.7,0.47,15.73
5,IIIc,16,13.63,6.12,2.1,4.1,18.57,2.63,16.43
5,IIIc,16,0.18,6.59,3.9,2,21.7,4.07,17.17
5,IIIc,7,1.53,7.06,2.1,2.2,21.85,2.23,17.07
5,IIIc,0,40.84,6.48,3.6,15,17.58,3.8,17.4
5,IIIc,8,6.56,6.63,1.7,3.1,22.3,2.23,16.6
5,IIIc,0,0.82,7.1,1.1,3,22.07,1.5,16.43
5,IIIc,12,0.43,6.78,2,7.9,19.13,2.47,17.17
5,IIIc,12,13.48,6.88,1.3,19.9,9.83,1.57,16.87
5,IIIc,15,0.41,6.71,2.2,3,22.56,2.63,16.97
5,IIIc,10,0.79,7.22,2.2,22.4,15.68,2.43,17.43
5,IIIc,18,2.83,6.61,1.7,2.8,21.1,2.17,16.33
5,IIIc,12,1.89,6.25,2,0.8,24.25,2.37,16.67
5,IIIc,14,1.38,6.57,4,7.2,19.8,4.17,17.8
5,IIIc,6,1.32,5.88,1.6,7.4,19.14,1.9,16.5
5,IIIc,11,1.26,6.93,2.8,1.6,20.43,3.3,17.53
5,IIIc,8,0.84,7.23,1.3,6.3,21.02,1.6,16.9
5,IIIc,10,0,6.62,1.9,4,19.16,2.37,17.13
5,IIIc,12,0.18,6.2,2.4,7.9,18.74,2.03,15.37
5,IIIc,7,11.56,6.32,1.7,3.4,23.45,2.17,16.53
5,IIIc,9,1.27,7.07,1.2,1.8,21.66,1.47,16.37
5,IIIc,15,0.8,6.76,2,2.8,20.54,2.5,16.43
5,IIIc,0,49.87,6.45,3.8,0.1,22,4,17.5
5,IIIc,5,50.21,6.78,3.9,2.4,23.46,4.1,17.87
5,IIIc,16,0.66,6.52,3.7,9,19.34,3.83,17.27
5,IIIc,5,6.44,6.67,1.9,0.9,19.5,2.53,16.97
5,IIIc,24,13.92,6.67,1.7,0.58,21.1,2.2,16.2
5,IIIc,15,0.23,6.3,1.9,8,19.82,2.43,16.27
5,IIIc,1,1.67,6.21,0.9,11.2,15.65,1.27,16.3
5,IIIc,1,0.52,6.41,0.6,6.8,21.72,0.9,16.03
5,IIIc,9,1.09,7,1.3,3,22.8,1.4,16.77
5,IIIc,1,74.84,6.57,3.2,3.2,19.6,3.53,17.4
5,IIIc,16,0.19,6.66,4.1,4,20.03,4.23,17.37
5,IIIc,1,2.98,6.92,2.2,1.6,22.73,2.8,17.1
5,IIIc,2,0.31,6.86,3.4,4.1,22.51,3.57,18.3
5,IIIc,10,0.33,6.17,0.2,7.5,20.15,0.43,15.73
5,IIIc,9,2.01,6.8,4.3,0.7,19.4,4.5,18.67
5,IIIc,5,15.11,6.59,4,0.9,19.1,4.17,17.7
5,IIIc,10,4.97,6.63,3.8,1.9,19.3,3.93,17.63
5,IIIc,10,0.3,6.73,2.7,5.6,19.08,2.73,16.17
5,IIIc,12,7.43,7.11,0.6,5.6,19.83,0.8,15.97
5,IIIc,18,0.38,6.8,4,4.2,20.55,4.17,17.63
5,IIIc,13,3.62,6.8,1.9,6.7,19.76,2.47,16.4
5,IIIc,33,46.22,6.3,1.9,0.065,20.54,2.47,16.47
5,IIIc,14,0.25,6.6,0.4,1.3,22.1,0.53,15.97
5,IIIc,0,25.09,6.8,3.6,3.8,19.9,3.63,18
5,IIIc,16,0.64,6.98,1.5,2,21.27,1.73,16.63
5,IIIc,2,3.57,6.77,2,0.4,16.5,2.5,16.53
5,IIIc,8,8.3,6.86,1.1,6.7,15.06,1.43,16.5
5,IIIc,11,4.23,6.54,1.7,6.5,19.05,2.27,16.77
5,IIIc,10,0.8,7.15,1.5,3.1,21.24,1.73,17.07
5,IIIc,11,0.68,6.63,3.2,7,19.08,3.5,17.43
5,IIIc,0,0.42,6.81,2.6,1.6,17.57,2.77,17.17
5,IIIc,0,1.36,6.86,2.4,1.9,21.1,2.43,17.53
5,IIIc,0,1.67,7.15,3,1.2,18.65,3.4,17.53
5,IIIc,13,0.82,7.37,2.2,10.2,21.33,2.63,17.43
5,IIIc,14,4.9,6.91,0.5,8.8,16.78,0.73,15.93
5,IIIc,12,2.41,6.6,3.4,2.4,20.43,3.5,17.6
5,IIIc,6,2.03,5.82,1.7,8.5,19.18,1.9,16.6
5,IIIc,27,102.22,6.3,2.1,2.8,22.4,2.67,16.53
5,IIIc,0,0.41,6.64,3.5,8.8,20.95,3.57,17.03
5,IIIc,21,10.02,6.77,1.7,1.8,18.06,2.33,16.57
5,IIIc,22,8.54,6.8,3.2,2.3,18.8,3.27,17.33
5,IIIc,15,0.83,7.26,2.2,10.4,21.53,2.67,17.5
5,IIIc,16,0.77,7.21,2.3,12.5,21.13,2.57,17.53
5,IIIc,9,2.21,7.06,1,9.1,20.95,1.3,16.67
5,IIIc,10,44.43,6.46,2.2,3.8,21.45,2.43,17.43
5,IIIc,12,0.79,6.76,2.5,1.2,19.83,2.83,17.53
5,IIIc,12,2.04,6.95,3.5,5,20.08,3.57,16.97
5,IIIc,13,12.27,6.99,1.2,15.1,12.53,1.53,16.77
5,IIIc,5,34.97,6.64,3.6,17.4,11.21,3.73,17.53
5,IIIc,0,4.55,6.65,3,0.8,18.2,3.37,17.63
5,IIIc,14,0.41,7.03,2.1,1.4,21.53,2.37,17.07
5,IIIc,12,0.38,6.05,0.3,12.3,19.41,0.67,15.87
5,IIIc,5,5.14,6.62,1,10,16.79,1.4,16.53
5,IIIc,6,1.53,6.75,1.1,10.3,19.73,1.57,16.43
5,IIIc,0,1.17,5.99,1.3,1.6,19.63,1.73,16.03
5,IIIc,0,3.08,6.73,2,0.58,20.15,2.7,17.1
5,IIIc,0,8.61,6.44,1.5,14.8,12.15,2.17,16.6
5,IIIc,0,4.66,7.19,0.7,11.5,20.21,0.87,16.07
5,IIIc,0,7.86,6.36,3.9,7.7,21.45,4,17.57
5,IIIc,0,5.86,6.44,1.5,2.4,19,2.03,16.3
5,IIIc,0,0.14,5.9,0,5,18.9,0,15.37
5,IIIc,0,2.64,6.12,1.6,1.1,19.4,2.03,16.27
5,IIIc,0,0.26,6.3,2.3,2.5,19.65,2.83,17.43
5,IIIc,0,11.61,6.8,1.6,15,9.58,2.1,16.43
5,IIIc,0,2.19,6.8,3.4,1.9,18.37,3.57,17.53
5,IIIc,0,2.78,6.82,2.2,0.5,22.4,2.37,17.43
5,IIIc,0,0.98,6.63,4,5,20.01,4.13,17.93
5,IIIc,0,1.07,6.81,4,8.3,20.23,4.23,18.13
6,IIIc.,0,0.35,7.08,3.1,2.7,21.62,3.23,17.97
6,IIIc.,0,0.72,6.82,0.5,3.3,20.7,0.47,15.73
6,IIIc.,0,13.63,6.12,2.1,4.1,18.57,2.63,16.43
6,IIIc.,0,0.18,6.59,3.9,2,21.7,4.07,17.17
6,IIIc.,0,1.53,7.06,2.1,2.2,21.85,2.23,17.07
6,IIIc.,0,40.84,6.48,3.6,15,17.58,3.8,17.4
6,IIIc.,0,6.56,6.63,1.7,3.1,22.3,2.23,16.6
6,IIIc.,2,0.82,7.1,1.1,3,22.07,1.5,16.43
6,IIIc.,0,0.43,6.78,2,7.9,19.13,2.47,17.17
6,IIIc.,0,13.48,6.88,1.3,19.9,9.83,1.57,16.87
6,IIIc.,0,0.41,6.71,2.2,3,22.56,2.63,16.97
6,IIIc.,0,0.79,7.22,2.2,22.4,15.68,2.43,17.43
6,IIIc.,0,2.83,6.61,1.7,2.8,21.1,2.17,16.33
6,IIIc.,0,1.89,6.25,2,0.8,24.25,2.37,16.67
6,IIIc.,0,1.38,6.57,4,7.2,19.8,4.17,17.8
6,IIIc.,0,1.32,5.88,1.6,7.4,19.14,1.9,16.5
6,IIIc.,0,1.26,6.93,2.8,1.6,20.43,3.3,17.53
6,IIIc.,0,0.84,7.23,1.3,6.3,21.02,1.6,16.9
6,IIIc.,0,0,6.62,1.9,4,19.16,2.37,17.13
6,IIIc.,0,0.18,6.2,2.4,7.9,18.74,2.03,15.37
6,IIIc.,0,11.56,6.32,1.7,3.4,23.45,2.17,16.53
6,IIIc.,0,1.27,7.07,1.2,1.8,21.66,1.47,16.37
6,IIIc.,0,0.8,6.76,2,2.8,20.54,2.5,16.43
6,IIIc.,0,49.87,6.45,3.8,0.1,22,4,17.5
6,IIIc.,0,50.21,6.78,3.9,2.4,23.46,4.1,17.87
6,IIIc.,0,0.66,6.52,3.7,9,19.34,3.83,17.27
6,IIIc.,0,6.44,6.67,1.9,0.9,19.5,2.53,16.97
6,IIIc.,0,13.92,6.67,1.7,0.58,21.1,2.2,16.2
6,IIIc.,0,0.23,6.3,1.9,8,19.82,2.43,16.27
6,IIIc.,9,1.67,6.21,0.9,11.2,15.65,1.27,16.3
6,IIIc.,10,0.52,6.41,0.6,6.8,21.72,0.9,16.03
6,IIIc.,0,1.09,7,1.3,3,22.8,1.4,16.77
6,IIIc.,10,74.84,6.57,3.2,3.2,19.6,3.53,17.4
6,IIIc.,0,0.19,6.66,4.1,4,20.03,4.23,17.37
6,IIIc.,7,2.98,6.92,2.2,1.6,22.73,2.8,17.1
6,IIIc.,11,0.31,6.86,3.4,4.1,22.51,3.57,18.3
6,IIIc.,0,0.33,6.17,0.2,7.5,20.15,0.43,15.73
6,IIIc.,2,2.01,6.8,4.3,0.7,19.4,4.5,18.67
6,IIIc.,0,15.11,6.59,4,0.9,19.1,4.17,17.7
6,IIIc.,0,4.97,6.63,3.8,1.9,19.3,3.93,17.63
6,IIIc.,0,0.3,6.73,2.7,5.6,19.08,2.73,16.17
6,IIIc.,0,7.43,7.11,0.6,5.6,19.83,0.8,15.97
6,IIIc.,0,0.38,6.8,4,4.2,20.55,4.17,17.63
6,IIIc.,0,3.62,6.8,1.9,6.7,19.76,2.47,16.4
6,IIIc.,0,46.22,6.3,1.9,0.065,20.54,2.47,16.47
6,IIIc.,0,0.25,6.6,0.4,1.3,22.1,0.53,15.97
6,IIIc.,0,25.09,6.8,3.6,3.8,19.9,3.63,18
6,IIIc.,0,0.64,6.98,1.5,2,21.27,1.73,16.63
6,IIIc.,1,3.57,6.77,2,0.4,16.5,2.5,16.53
6,IIIc.,0,8.3,6.86,1.1,6.7,15.06,1.43,16.5
6,IIIc.,0,4.23,6.54,1.7,6.5,19.05,2.27,16.77
6,IIIc.,0,0.8,7.15,1.5,3.1,21.24,1.73,17.07
6,IIIc.,0,0.68,6.63,3.2,7,19.08,3.5,17.43
6,IIIc.,0,0.42,6.81,2.6,1.6,17.57,2.77,17.17
6,IIIc.,11,1.36,6.86,2.4,1.9,21.1,2.43,17.53
6,IIIc.,8,1.67,7.15,3,1.2,18.65,3.4,17.53
6,IIIc.,0,0.82,7.37,2.2,10.2,21.33,2.63,17.43
6,IIIc.,0,4.9,6.91,0.5,8.8,16.78,0.73,15.93
6,IIIc.,0,2.41,6.6,3.4,2.4,20.43,3.5,17.6
6,IIIc.,0,2.03,5.82,1.7,8.5,19.18,1.9,16.6
6,IIIc.,0,102.22,6.3,2.1,2.8,22.4,2.67,16.53
6,IIIc.,8,0.41,6.64,3.5,8.8,20.95,3.57,17.03
6,IIIc.,0,10.02,6.77,1.7,1.8,18.06,2.33,16.57
6,IIIc.,0,8.54,6.8,3.2,2.3,18.8,3.27,17.33
6,IIIc.,0,0.83,7.26,2.2,10.4,21.53,2.67,17.5
6,IIIc.,0,0.77,7.21,2.3,12.5,21.13,2.57,17.53
6,IIIc.,0,2.21,7.06,1,9.1,20.95,1.3,16.67
6,IIIc.,0,44.43,6.46,2.2,3.8,21.45,2.43,17.43
6,IIIc.,0,0.79,6.76,2.5,1.2,19.83,2.83,17.53
6,IIIc.,0,2.04,6.95,3.5,5,20.08,3.57,16.97
6,IIIc.,0,12.27,6.99,1.2,15.1,12.53,1.53,16.77
6,IIIc.,0,34.97,6.64,3.6,17.4,11.21,3.73,17.53
6,IIIc.,3,4.55,6.65,3,0.8,18.2,3.37,17.63
6,IIIc.,0,0.41,7.03,2.1,1.4,21.53,2.37,17.07
6,IIIc.,0,0.38,6.05,0.3,12.3,19.41,0.67,15.87
6,IIIc.,0,5.14,6.62,1,10,16.79,1.4,16.53
6,IIIc.,0,1.53,6.75,1.1,10.3,19.73,1.57,16.43
6,IIIc.,11,1.17,5.99,1.3,1.6,19.63,1.73,16.03
6,IIIc.,13,3.08,6.73,2,0.58,20.15,2.7,17.1
6,IIIc.,8,8.61,6.44,1.5,14.8,12.15,2.17,16.6
6,IIIc.,6,4.66,7.19,0.7,11.5,20.21,0.87,16.07
6,IIIc.,8,7.86,6.36,3.9,7.7,21.45,4,17.57
6,IIIc.,7,5.86,6.44,1.5,2.4,19,2.03,16.3
6,IIIc.,18,0.14,5.9,0,5,18.9,0,15.37
6,IIIc.,7,2.64,6.12,1.6,1.1,19.4,2.03,16.27
6,IIIc.,13,0.26,6.3,2.3,2.5,19.65,2.83,17.43
6,IIIc.,9,11.61,6.8,1.6,15,9.58,2.1,16.43
6,IIIc.,11,2.19,6.8,3.4,1.9,18.37,3.57,17.53
6,IIIc.,9,2.78,6.82,2.2,0.5,22.4,2.37,17.43
6,IIIc.,16,0.98,6.63,4,5,20.01,4.13,17.93
6,IIIc.,15,1.07,6.81,4,8.3,20.23,4.23,18.13
7,IIa,22,0.35,7.08,3.1,2.7,21.62,3.23,17.97
7,IIa,22,0.72,6.82,0.5,3.3,20.7,0.47,15.73
7,IIa,23,13.63,6.12,2.1,4.1,18.57,2.63,16.43
7,IIa,20,0.18,6.59,3.9,2,21.7,4.07,17.17
7,IIa,22,1.53,7.06,2.1,2.2,21.85,2.23,17.07
7,IIa,35,40.84,6.48,3.6,15,17.58,3.8,17.4
7,IIa,25,6.56,6.63,1.7,3.1,22.3,2.23,16.6
7,IIa,18,0.82,7.1,1.1,3,22.07,1.5,16.43
7,IIa,14,0.43,6.78,2,7.9,19.13,2.47,17.17
7,IIa,17,13.48,6.88,1.3,19.9,9.83,1.57,16.87
7,IIa,20,0.41,6.71,2.2,3,22.56,2.63,16.97
7,IIa,14,0.79,7.22,2.2,22.4,15.68,2.43,17.43
7,IIa,17,2.83,6.61,1.7,2.8,21.1,2.17,16.33
7,IIa,25,1.89,6.25,2,0.8,24.25,2.37,16.67
7,IIa,18,1.38,6.57,4,7.2,19.8,4.17,17.8
7,IIa,26,1.32,5.88,1.6,7.4,19.14,1.9,16.5
7,IIa,22,1.26,6.93,2.8,1.6,20.43,3.3,17.53
7,IIa,19,0.84,7.23,1.3,6.3,21.02,1.6,16.9
7,IIa,21,0,6.62,1.9,4,19.16,2.37,17.13
7,IIa,17,0.18,6.2,2.4,7.9,18.74,2.03,15.37
7,IIa,27,11.56,6.32,1.7,3.4,23.45,2.17,16.53
7,IIa,23,1.27,7.07,1.2,1.8,21.66,1.47,16.37
7,IIa,21,0.8,6.76,2,2.8,20.54,2.5,16.43
7,IIa,0,49.87,6.45,3.8,0.1,22,4,17.5
7,IIa,27,50.21,6.78,3.9,2.4,23.46,4.1,17.87
7,IIa,18,0.66,6.52,3.7,9,19.34,3.83,17.27
7,IIa,22,6.44,6.67,1.9,0.9,19.5,2.53,16.97
7,IIa,0,13.92,6.67,1.7,0.58,21.1,2.2,16.2
7,IIa,15,0.23,6.3,1.9,8,19.82,2.43,16.27
7,IIa,0,1.67,6.21,0.9,11.2,15.65,1.27,16.3
7,IIa,0,0.52,6.41,0.6,6.8,21.72,0.9,16.03
7,IIa,19,1.09,7,1.3,3,22.8,1.4,16.77
7,IIa,0,74.84,6.57,3.2,3.2,19.6,3.53,17.4
7,IIa,24,0.19,6.66,4.1,4,20.03,4.23,17.37
7,IIa,0,2.98,6.92,2.2,1.6,22.73,2.8,17.1
7,IIa,0,0.31,6.86,3.4,4.1,22.51,3.57,18.3
7,IIa,14,0.33,6.17,0.2,7.5,20.15,0.43,15.73
7,IIa,28,2.01,6.8,4.3,0.7,19.4,4.5,18.67
7,IIa,26,15.11,6.59,4,0.9,19.1,4.17,17.7
7,IIa,24,4.97,6.63,3.8,1.9,19.3,3.93,17.63
7,IIa,21,0.3,6.73,2.7,5.6,19.08,2.73,16.17
7,IIa,19,7.43,7.11,0.6,5.6,19.83,0.8,15.97
7,IIa,18,0.38,6.8,4,4.2,20.55,4.17,17.63
7,IIa,25,3.62,6.8,1.9,6.7,19.76,2.47,16.4
7,IIa,0,46.22,6.3,1.9,0.065,20.54,2.47,16.47
7,IIa,18,0.25,6.6,0.4,1.3,22.1,0.53,15.97
7,IIa,21,25.09,6.8,3.6,3.8,19.9,3.63,18
7,IIa,19,0.64,6.98,1.5,2,21.27,1.73,16.63
7,IIa,35,3.57,6.77,2,0.4,16.5,2.5,16.53
7,IIa,21,8.3,6.86,1.1,6.7,15.06,1.43,16.5
7,IIa,20,4.23,6.54,1.7,6.5,19.05,2.27,16.77
7,IIa,19,0.8,7.15,1.5,3.1,21.24,1.73,17.07
7,IIa,16,0.68,6.63,3.2,7,19.08,3.5,17.43
7,IIa,24,0.42,6.81,2.6,1.6,17.57,2.77,17.17
7,IIa,18,1.36,6.86,2.4,1.9,21.1,2.43,17.53
7,IIa,22,1.67,7.15,3,1.2,18.65,3.4,17.53
7,IIa,11,0.82,7.37,2.2,10.2,21.33,2.63,17.43
7,IIa,18,4.9,6.91,0.5,8.8,16.78,0.73,15.93
7,IIa,22,2.41,6.6,3.4,2.4,20.43,3.5,17.6
7,IIa,25,2.03,5.82,1.7,8.5,19.18,1.9,16.6
7,IIa,17,102.22,6.3,2.1,2.8,22.4,2.67,16.53
7,IIa,15,0.41,6.64,3.5,8.8,20.95,3.57,17.03
7,IIa,14,10.02,6.77,1.7,1.8,18.06,2.33,16.57
7,IIa,15,8.54,6.8,3.2,2.3,18.8,3.27,17.33
7,IIa,13,0.83,7.26,2.2,10.4,21.53,2.67,17.5
7,IIa,18,0.77,7.21,2.3,12.5,21.13,2.57,17.53
7,IIa,21,2.21,7.06,1,9.1,20.95,1.3,16.67
7,IIa,23,44.43,6.46,2.2,3.8,21.45,2.43,17.43
7,IIa,27,0.79,6.76,2.5,1.2,19.83,2.83,17.53
7,IIa,20,2.04,6.95,3.5,5,20.08,3.57,16.97
7,IIa,20,12.27,6.99,1.2,15.1,12.53,1.53,16.77
7,IIa,23,34.97,6.64,3.6,17.4,11.21,3.73,17.53
7,IIa,27,4.55,6.65,3,0.8,18.2,3.37,17.63
7,IIa,19,0.41,7.03,2.1,1.4,21.53,2.37,17.07
7,IIa,15,0.38,6.05,0.3,12.3,19.41,0.67,15.87
7,IIa,28,5.14,6.62,1,10,16.79,1.4,16.53
7,IIa,19,1.53,6.75,1.1,10.3,19.73,1.57,16.43
7,IIa,22,1.17,5.99,1.3,1.6,19.63,1.73,16.03
7,IIa,13,3.08,6.73,2,0.58,20.15,2.7,17.1
7,IIa,10,8.61,6.44,1.5,14.8,12.15,2.17,16.6
7,IIa,18,4.66,7.19,0.7,11.5,20.21,0.87,16.07
7,IIa,9,7.86,6.36,3.9,7.7,21.45,4,17.57
7,IIa,23,5.86,6.44,1.5,2.4,19,2.03,16.3
7,IIa,15,0.14,5.9,0,5,18.9,0,15.37
7,IIa,26,2.64,6.12,1.6,1.1,19.4,2.03,16.27
7,IIa,21,0.26,6.3,2.3,2.5,19.65,2.83,17.43
7,IIa,23,11.61,6.8,1.6,15,9.58,2.1,16.43
7,IIa,21,2.19,6.8,3.4,1.9,18.37,3.57,17.53
7,IIa,17,2.78,6.82,2.2,0.5,22.4,2.37,17.43
7,IIa,17,0.98,6.63,4,5,20.01,4.13,17.93
7,IIa,17,1.07,6.81,4,8.3,20.23,4.23,18.13
8,IIa.,0,0.35,7.08,3.1,2.7,21.62,3.23,17.97
8,IIa.,0,0.72,6.82,0.5,3.3,20.7,0.47,15.73
8,IIa.,0,13.63,6.12,2.1,4.1,18.57,2.63,16.43
8,IIa.,0,0.18,6.59,3.9,2,21.7,4.07,17.17
8,IIa.,0,1.53,7.06,2.1,2.2,21.85,2.23,17.07
8,IIa.,0,40.84,6.48,3.6,15,17.58,3.8,17.4
8,IIa.,0,6.56,6.63,1.7,3.1,22.3,2.23,16.6
8,IIa.,1,0.82,7.1,1.1,3,22.07,1.5,16.43
8,IIa.,0,0.43,6.78,2,7.9,19.13,2.47,17.17
8,IIa.,0,13.48,6.88,1.3,19.9,9.83,1.57,16.87
8,IIa.,0,0.41,6.71,2.2,3,22.56,2.63,16.97
8,IIa.,0,0.79,7.22,2.2,22.4,15.68,2.43,17.43
8,IIa.,0,2.83,6.61,1.7,2.8,21.1,2.17,16.33
8,IIa.,0,1.89,6.25,2,0.8,24.25,2.37,16.67
8,IIa.,0,1.38,6.57,4,7.2,19.8,4.17,17.8
8,IIa.,0,1.32,5.88,1.6,7.4,19.14,1.9,16.5
8,IIa.,0,1.26,6.93,2.8,1.6,20.43,3.3,17.53
8,IIa.,0,0.84,7.23,1.3,6.3,21.02,1.6,16.9
8,IIa.,0,0,6.62,1.9,4,19.16,2.37,17.13
8,IIa.,0,0.18,6.2,2.4,7.9,18.74,2.03,15.37
8,IIa.,0,11.56,6.32,1.7,3.4,23.45,2.17,16.53
8,IIa.,0,1.27,7.07,1.2,1.8,21.66,1.47,16.37
8,IIa.,0,0.8,6.76,2,2.8,20.54,2.5,16.43
8,IIa.,0,49.87,6.45,3.8,0.1,22,4,17.5
8,IIa.,0,50.21,6.78,3.9,2.4,23.46,4.1,17.87
8,IIa.,0,0.66,6.52,3.7,9,19.34,3.83,17.27
8,IIa.,0,6.44,6.67,1.9,0.9,19.5,2.53,16.97
8,IIa.,0,13.92,6.67,1.7,0.58,21.1,2.2,16.2
8,IIa.,0,0.23,6.3,1.9,8,19.82,2.43,16.27
8,IIa.,20,1.67,6.21,0.9,11.2,15.65,1.27,16.3
8,IIa.,13,0.52,6.41,0.6,6.8,21.72,0.9,16.03
8,IIa.,0,1.09,7,1.3,3,22.8,1.4,16.77
8,IIa.,22,74.84,6.57,3.2,3.2,19.6,3.53,17.4
8,IIa.,0,0.19,6.66,4.1,4,20.03,4.23,17.37
8,IIa.,16,2.98,6.92,2.2,1.6,22.73,2.8,17.1
8,IIa.,16,0.31,6.86,3.4,4.1,22.51,3.57,18.3
8,IIa.,1,0.33,6.17,0.2,7.5,20.15,0.43,15.73
8,IIa.,0,2.01,6.8,4.3,0.7,19.4,4.5,18.67
8,IIa.,0,15.11,6.59,4,0.9,19.1,4.17,17.7
8,IIa.,0,4.97,6.63,3.8,1.9,19.3,3.93,17.63
8,IIa.,0,0.3,6.73,2.7,5.6,19.08,2.73,16.17
8,IIa.,0,7.43,7.11,0.6,5.6,19.83,0.8,15.97
8,IIa.,0,0.38,6.8,4,4.2,20.55,4.17,17.63
8,IIa.,0,3.62,6.8,1.9,6.7,19.76,2.47,16.4
8,IIa.,0,46.22,6.3,1.9,0.065,20.54,2.47,16.47
8,IIa.,0,0.25,6.6,0.4,1.3,22.1,0.53,15.97
8,IIa.,0,25.09,6.8,3.6,3.8,19.9,3.63,18
8,IIa.,0,0.64,6.98,1.5,2,21.27,1.73,16.63
8,IIa.,6,3.57,6.77,2,0.4,16.5,2.5,16.53
8,IIa.,0,8.3,6.86,1.1,6.7,15.06,1.43,16.5
8,IIa.,0,4.23,6.54,1.7,6.5,19.05,2.27,16.77
8,IIa.,0,0.8,7.15,1.5,3.1,21.24,1.73,17.07
8,IIa.,0,0.68,6.63,3.2,7,19.08,3.5,17.43
8,IIa.,22,0.42,6.81,2.6,1.6,17.57,2.77,17.17
8,IIa.,0,1.36,6.86,2.4,1.9,21.1,2.43,17.53
8,IIa.,0,1.67,7.15,3,1.2,18.65,3.4,17.53
8,IIa.,0,0.82,7.37,2.2,10.2,21.33,2.63,17.43
8,IIa.,0,4.9,6.91,0.5,8.8,16.78,0.73,15.93
8,IIa.,0,2.41,6.6,3.4,2.4,20.43,3.5,17.6
8,IIa.,0,2.03,5.82,1.7,8.5,19.18,1.9,16.6
8,IIa.,0,102.22,6.3,2.1,2.8,22.4,2.67,16.53
8,IIa.,0,0.41,6.64,3.5,8.8,20.95,3.57,17.03
8,IIa.,0,10.02,6.77,1.7,1.8,18.06,2.33,16.57
8,IIa.,0,8.54,6.8,3.2,2.3,18.8,3.27,17.33
8,IIa.,0,0.83,7.26,2.2,10.4,21.53,2.67,17.5
8,IIa.,0,0.77,7.21,2.3,12.5,21.13,2.57,17.53
8,IIa.,0,2.21,7.06,1,9.1,20.95,1.3,16.67
8,IIa.,0,44.43,6.46,2.2,3.8,21.45,2.43,17.43
8,IIa.,0,0.79,6.76,2.5,1.2,19.83,2.83,17.53
8,IIa.,0,2.04,6.95,3.5,5,20.08,3.57,16.97
8,IIa.,0,12.27,6.99,1.2,15.1,12.53,1.53,16.77
8,IIa.,0,34.97,6.64,3.6,17.4,11.21,3.73,17.53
8,IIa.,0,4.55,6.65,3,0.8,18.2,3.37,17.63
8,IIa.,0,0.41,7.03,2.1,1.4,21.53,2.37,17.07
8,IIa.,0,0.38,6.05,0.3,12.3,19.41,0.67,15.87
8,IIa.,0,5.14,6.62,1,10,16.79,1.4,16.53
8,IIa.,0,1.53,6.75,1.1,10.3,19.73,1.57,16.43
8,IIa.,0,1.17,5.99,1.3,1.6,19.63,1.73,16.03
8,IIa.,0,3.08,6.73,2,0.58,20.15,2.7,17.1
8,IIa.,0,8.61,6.44,1.5,14.8,12.15,2.17,16.6
8,IIa.,0,4.66,7.19,0.7,11.5,20.21,0.87,16.07
8,IIa.,0,7.86,6.36,3.9,7.7,21.45,4,17.57
8,IIa.,0,5.86,6.44,1.5,2.4,19,2.03,16.3
8,IIa.,0,0.14,5.9,0,5,18.9,0,15.37
8,IIa.,0,2.64,6.12,1.6,1.1,19.4,2.03,16.27
8,IIa.,0,0.26,6.3,2.3,2.5,19.65,2.83,17.43
8,IIa.,0,11.61,6.8,1.6,15,9.58,2.1,16.43
8,IIa.,0,2.19,6.8,3.4,1.9,18.37,3.57,17.53
8,IIa.,0,2.78,6.82,2.2,0.5,22.4,2.37,17.43
8,IIa.,0,0.98,6.63,4,5,20.01,4.13,17.93
8,IIa.,0,1.07,6.81,4,8.3,20.23,4.23,18.13
9,IIb,7,0.35,7.08,3.1,2.7,21.62,3.23,17.97
9,IIb,4,0.72,6.82,0.5,3.3,20.7,0.47,15.73
9,IIb,4,13.63,6.12,2.1,4.1,18.57,2.63,16.43
9,IIb,7,0.18,6.59,3.9,2,21.7,4.07,17.17
9,IIb,4,1.53,7.06,2.1,2.2,21.85,2.23,17.07
9,IIb,0,40.84,6.48,3.6,15,17.58,3.8,17.4
9,IIb,5,6.56,6.63,1.7,3.1,22.3,2.23,16.6
9,IIb,7,0.82,7.1,1.1,3,22.07,1.5,16.43
9,IIb,9,0.43,6.78,2,7.9,19.13,2.47,17.17
9,IIb,14,13.48,6.88,1.3,19.9,9.83,1.57,16.87
9,IIb,5,0.41,6.71,2.2,3,22.56,2.63,16.97
9,IIb,8,0.79,7.22,2.2,22.4,15.68,2.43,17.43
9,IIb,5,2.83,6.61,1.7,2.8,21.1,2.17,16.33
9,IIb,5,1.89,6.25,2,0.8,24.25,2.37,16.67
9,IIb,6,1.38,6.57,4,7.2,19.8,4.17,17.8
9,IIb,4,1.32,5.88,1.6,7.4,19.14,1.9,16.5
9,IIb,6,1.26,6.93,2.8,1.6,20.43,3.3,17.53
9,IIb,8,0.84,7.23,1.3,6.3,21.02,1.6,16.9
9,IIb,10,0,6.62,1.9,4,19.16,2.37,17.13
9,IIb,5,0.18,6.2,2.4,7.9,18.74,2.03,15.37
9,IIb,2,11.56,6.32,1.7,3.4,23.45,2.17,16.53
9,IIb,5,1.27,7.07,1.2,1.8,21.66,1.47,16.37
9,IIb,5,0.8,6.76,2,2.8,20.54,2.5,16.43
9,IIb,0,49.87,6.45,3.8,0.1,22,4,17.5
9,IIb,5,50.21,6.78,3.9,2.4,23.46,4.1,17.87
9,IIb,6,0.66,6.52,3.7,9,19.34,3.83,17.27
9,IIb,8,6.44,6.67,1.9,0.9,19.5,2.53,16.97
9,IIb,1,13.92,6.67,1.7,0.58,21.1,2.2,16.2
9,IIb,9,0.23,6.3,1.9,8,19.82,2.43,16.27
9,IIb,0,1.67,6.21,0.9,11.2,15.65,1.27,16.3
9,IIb,0,0.52,6.41,0.6,6.8,21.72,0.9,16.03
9,IIb,3,1.09,7,1.3,3,22.8,1.4,16.77
9,IIb,0,74.84,6.57,3.2,3.2,19.6,3.53,17.4
9,IIb,4,0.19,6.66,4.1,4,20.03,4.23,17.37
9,IIb,0,2.98,6.92,2.2,1.6,22.73,2.8,17.1
9,IIb,0,0.31,6.86,3.4,4.1,22.51,3.57,18.3
9,IIb,6,0.33,6.17,0.2,7.5,20.15,0.43,15.73
9,IIb,3,2.01,6.8,4.3,0.7,19.4,4.5,18.67
9,IIb,5,15.11,6.59,4,0.9,19.1,4.17,17.7
9,IIb,6,4.97,6.63,3.8,1.9,19.3,3.93,17.63
9,IIb,5,0.3,6.73,2.7,5.6,19.08,2.73,16.17
9,IIb,5,7.43,7.11,0.6,5.6,19.83,0.8,15.97
9,IIb,6,0.38,6.8,4,4.2,20.55,4.17,17.63
9,IIb,2,3.62,6.8,1.9,6.7,19.76,2.47,16.4
9,IIb,1,46.22,6.3,1.9,0.065,20.54,2.47,16.47
9,IIb,6,0.25,6.6,0.4,1.3,22.1,0.53,15.97
9,IIb,9,25.09,6.8,3.6,3.8,19.9,3.63,18
9,IIb,6,0.64,6.98,1.5,2,21.27,1.73,16.63
9,IIb,1,3.57,6.77,2,0.4,16.5,2.5,16.53
9,IIb,8,8.3,6.86,1.1,6.7,15.06,1.43,16.5
9,IIb,9,4.23,6.54,1.7,6.5,19.05,2.27,16.77
9,IIb,8,0.8,7.15,1.5,3.1,21.24,1.73,17.07
9,IIb,6,0.68,6.63,3.2,7,19.08,3.5,17.43
9,IIb,0,0.42,6.81,2.6,1.6,17.57,2.77,17.17
9,IIb,6,1.36,6.86,2.4,1.9,21.1,2.43,17.53
9,IIb,7,1.67,7.15,3,1.2,18.65,3.4,17.53
9,IIb,9,0.82,7.37,2.2,10.2,21.33,2.63,17.43
9,IIb,5,4.9,6.91,0.5,8.8,16.78,0.73,15.93
9,IIb,5,2.41,6.6,3.4,2.4,20.43,3.5,17.6
9,IIb,3,2.03,5.82,1.7,8.5,19.18,1.9,16.6
9,IIb,0,102.22,6.3,2.1,2.8,22.4,2.67,16.53
9,IIb,5,0.41,6.64,3.5,8.8,20.95,3.57,17.03
9,IIb,3,10.02,6.77,1.7,1.8,18.06,2.33,16.57
9,IIb,3,8.54,6.8,3.2,2.3,18.8,3.27,17.33
9,IIb,9,0.83,7.26,2.2,10.4,21.53,2.67,17.5
9,IIb,7,0.77,7.21,2.3,12.5,21.13,2.57,17.53
9,IIb,7,2.21,7.06,1,9.1,20.95,1.3,16.67
9,IIb,8,44.43,6.46,2.2,3.8,21.45,2.43,17.43
9,IIb,2,0.79,6.76,2.5,1.2,19.83,2.83,17.53
9,IIb,6,2.04,6.95,3.5,5,20.08,3.57,16.97
9,IIb,7,12.27,6.99,1.2,15.1,12.53,1.53,16.77
9,IIb,4,34.97,6.64,3.6,17.4,11.21,3.73,17.53
9,IIb,6,4.55,6.65,3,0.8,18.2,3.37,17.63
9,IIb,5,0.41,7.03,2.1,1.4,21.53,2.37,17.07
9,IIb,7,0.38,6.05,0.3,12.3,19.41,0.67,15.87
9,IIb,3,5.14,6.62,1,10,16.79,1.4,16.53
9,IIb,7,1.53,6.75,1.1,10.3,19.73,1.57,16.43
9,IIb,5,1.17,5.99,1.3,1.6,19.63,1.73,16.03
9,IIb,5,3.08,6.73,2,0.58,20.15,2.7,17.1
9,IIb,14,8.61,6.44,1.5,14.8,12.15,2.17,16.6
9,IIb,9,4.66,7.19,0.7,11.5,20.21,0.87,16.07
9,IIb,5,7.86,6.36,3.9,7.7,21.45,4,17.57
9,IIb,3,5.86,6.44,1.5,2.4,19,2.03,16.3
9,IIb,8,0.14,5.9,0,5,18.9,0,15.37
9,IIb,4,2.64,6.12,1.6,1.1,19.4,2.03,16.27
9,IIb,5,0.26,6.3,2.3,2.5,19.65,2.83,17.43
9,IIb,6,11.61,6.8,1.6,15,9.58,2.1,16.43
9,IIb,6,2.19,6.8,3.4,1.9,18.37,3.57,17.53
9,IIb,8,2.78,6.82,2.2,0.5,22.4,2.37,17.43
9,IIb,6,0.98,6.63,4,5,20.01,4.13,17.93
9,IIb,6,1.07,6.81,4,8.3,20.23,4.23,18.13
10,IIb.,10,0.35,7.08,3.1,2.7,21.62,3.23,17.97
10,IIb.,14,0.72,6.82,0.5,3.3,20.7,0.47,15.73
10,IIb.,39,13.63,6.12,2.1,4.1,18.57,2.63,16.43
10,IIb.,6,0.18,6.59,3.9,2,21.7,4.07,17.17
10,IIb.,18,1.53,7.06,2.1,2.2,21.85,2.23,17.07
10,IIb.,33,40.84,6.48,3.6,15,17.58,3.8,17.4
10,IIb.,31,6.56,6.63,1.7,3.1,22.3,2.23,16.6
10,IIb.,7,0.82,7.1,1.1,3,22.07,1.5,16.43
10,IIb.,9,0.43,6.78,2,7.9,19.13,2.47,17.17
10,IIb.,24,13.48,6.88,1.3,19.9,9.83,1.57,16.87
10,IIb.,15,0.41,6.71,2.2,3,22.56,2.63,16.97
10,IIb.,10,0.79,7.22,2.2,22.4,15.68,2.43,17.43
10,IIb.,28,2.83,6.61,1.7,2.8,21.1,2.17,16.33
10,IIb.,8,1.89,6.25,2,0.8,24.25,2.37,16.67
10,IIb.,10,1.38,6.57,4,7.2,19.8,4.17,17.8
10,IIb.,21,1.32,5.88,1.6,7.4,19.14,1.9,16.5
10,IIb.,8,1.26,6.93,2.8,1.6,20.43,3.3,17.53
10,IIb.,17,0.84,7.23,1.3,6.3,21.02,1.6,16.9
10,IIb.,6,0,6.62,1.9,4,19.16,2.37,17.13
10,IIb.,8,0.18,6.2,2.4,7.9,18.74,2.03,15.37
10,IIb.,38,11.56,6.32,1.7,3.4,23.45,2.17,16.53
10,IIb.,13,1.27,7.07,1.2,1.8,21.66,1.47,16.37
10,IIb.,13,0.8,6.76,2,2.8,20.54,2.5,16.43
10,IIb.,100,49.87,6.45,3.8,0.1,22,4,17.5
10,IIb.,44,50.21,6.78,3.9,2.4,23.46,4.1,17.87
10,IIb.,6,0.66,6.52,3.7,9,19.34,3.83,17.27
10,IIb.,15,6.44,6.67,1.9,0.9,19.5,2.53,16.97
10,IIb.,15,13.92,6.67,1.7,0.58,21.1,2.2,16.2
10,IIb.,12,0.23,6.3,1.9,8,19.82,2.43,16.27
10,IIb.,5,1.67,6.21,0.9,11.2,15.65,1.27,16.3
10,IIb.,6,0.52,6.41,0.6,6.8,21.72,0.9,16.03
10,IIb.,10,1.09,7,1.3,3,22.8,1.4,16.77
10,IIb.,1,74.84,6.57,3.2,3.2,19.6,3.53,17.4
10,IIb.,5,0.19,6.66,4.1,4,20.03,4.23,17.37
10,IIb.,5,2.98,6.92,2.2,1.6,22.73,2.8,17.1
10,IIb.,6,0.31,6.86,3.4,4.1,22.51,3.57,18.3
10,IIb.,10,0.33,6.17,0.2,7.5,20.15,0.43,15.73
10,IIb.,5,2.01,6.8,4.3,0.7,19.4,4.5,18.67
10,IIb.,15,15.11,6.59,4,0.9,19.1,4.17,17.7
10,IIb.,3,4.97,6.63,3.8,1.9,19.3,3.93,17.63
10,IIb.,9,0.3,6.73,2.7,5.6,19.08,2.73,16.17
10,IIb.,5,7.43,7.11,0.6,5.6,19.83,0.8,15.97
10,IIb.,5,0.38,6.8,4,4.2,20.55,4.17,17.63
10,IIb.,37,3.62,6.8,1.9,6.7,19.76,2.47,16.4
10,IIb.,19,46.22,6.3,1.9,0.065,20.54,2.47,16.47
10,IIb.,17,0.25,6.6,0.4,1.3,22.1,0.53,15.97
10,IIb.,24,25.09,6.8,3.6,3.8,19.9,3.63,18
10,IIb.,6,0.64,6.98,1.5,2,21.27,1.73,16.63
10,IIb.,3,3.57,6.77,2,0.4,16.5,2.5,16.53
10,IIb.,29,8.3,6.86,1.1,6.7,15.06,1.43,16.5
10,IIb.,20,4.23,6.54,1.7,6.5,19.05,2.27,16.77
10,IIb.,19,0.8,7.15,1.5,3.1,21.24,1.73,17.07
10,IIb.,15,0.68,6.63,3.2,7,19.08,3.5,17.43
10,IIb.,0,0.42,6.81,2.6,1.6,17.57,2.77,17.17
10,IIb.,7,1.36,6.86,2.4,1.9,21.1,2.43,17.53
10,IIb.,6,1.67,7.15,3,1.2,18.65,3.4,17.53
10,IIb.,8,0.82,7.37,2.2,10.2,21.33,2.63,17.43
10,IIb.,32,4.9,6.91,0.5,8.8,16.78,0.73,15.93
10,IIb.,6,2.41,6.6,3.4,2.4,20.43,3.5,17.6
10,IIb.,6,2.03,5.82,1.7,8.5,19.18,1.9,16.6
10,IIb.,0,102.22,6.3,2.1,2.8,22.4,2.67,16.53
10,IIb.,9,0.41,6.64,3.5,8.8,20.95,3.57,17.03
10,IIb.,4,10.02,6.77,1.7,1.8,18.06,2.33,16.57
10,IIb.,2,8.54,6.8,3.2,2.3,18.8,3.27,17.33
10,IIb.,8,0.83,7.26,2.2,10.4,21.53,2.67,17.5
10,IIb.,6,0.77,7.21,2.3,12.5,21.13,2.57,17.53
10,IIb.,7,2.21,7.06,1,9.1,20.95,1.3,16.67
10,IIb.,9,44.43,6.46,2.2,3.8,21.45,2.43,17.43
10,IIb.,7,0.79,6.76,2.5,1.2,19.83,2.83,17.53
10,IIb.,7,2.04,6.95,3.5,5,20.08,3.57,16.97
10,IIb.,6,12.27,6.99,1.2,15.1,12.53,1.53,16.77
10,IIb.,4,34.97,6.64,3.6,17.4,11.21,3.73,17.53
10,IIb.,6,4.55,6.65,3,0.8,18.2,3.37,17.63
10,IIb.,8,0.41,7.03,2.1,1.4,21.53,2.37,17.07
10,IIb.,6,0.38,6.05,0.3,12.3,19.41,0.67,15.87
10,IIb.,7,5.14,6.62,1,10,16.79,1.4,16.53
10,IIb.,6,1.53,6.75,1.1,10.3,19.73,1.57,16.43
10,IIb.,6,1.17,5.99,1.3,1.6,19.63,1.73,16.03
10,IIb.,7,3.08,6.73,2,0.58,20.15,2.7,17.1
10,IIb.,2,8.61,6.44,1.5,14.8,12.15,2.17,16.6
10,IIb.,7,4.66,7.19,0.7,11.5,20.21,0.87,16.07
10,IIb.,6,7.86,6.36,3.9,7.7,21.45,4,17.57
10,IIb.,2,5.86,6.44,1.5,2.4,19,2.03,16.3
10,IIb.,5,0.14,5.9,0,5,18.9,0,15.37
10,IIb.,6,2.64,6.12,1.6,1.1,19.4,2.03,16.27
10,IIb.,4,0.26,6.3,2.3,2.5,19.65,2.83,17.43
10,IIb.,5,11.61,6.8,1.6,15,9.58,2.1,16.43
10,IIb.,6,2.19,6.8,3.4,1.9,18.37,3.57,17.53
10,IIb.,7,2.78,6.82,2.2,0.5,22.4,2.37,17.43
10,IIb.,6,0.98,6.63,4,5,20.01,4.13,17.93
10,IIb.,10,1.07,6.81,4,8.3,20.23,4.23,18.13
11,IIc,6,0.35,7.08,3.1,2.7,21.62,3.23,17.97
11,IIc,9,0.72,6.82,0.5,3.3,20.7,0.47,15.73
11,IIc,0,13.63,6.12,2.1,4.1,18.57,2.63,16.43
11,IIc,11,0.18,6.59,3.9,2,21.7,4.07,17.17
11,IIc,7,1.53,7.06,2.1,2.2,21.85,2.23,17.07
11,IIc,0,40.84,6.48,3.6,15,17.58,3.8,17.4
11,IIc,4,6.56,6.63,1.7,3.1,22.3,2.23,16.6
11,IIc,1,0.82,7.1,1.1,3,22.07,1.5,16.43
11,IIc,9,0.43,6.78,2,7.9,19.13,2.47,17.17
11,IIc,0,13.48,6.88,1.3,19.9,9.83,1.57,16.87
11,IIc,6,0.41,6.71,2.2,3,22.56,2.63,16.97
11,IIc,8,0.79,7.22,2.2,22.4,15.68,2.43,17.43
11,IIc,6,2.83,6.61,1.7,2.8,21.1,2.17,16.33
11,IIc,3,1.89,6.25,2,0.8,24.25,2.37,16.67
11,IIc,7,1.38,6.57,4,7.2,19.8,4.17,17.8
11,IIc,7,1.32,5.88,1.6,7.4,19.14,1.9,16.5
11,IIc,9,1.26,6.93,2.8,1.6,20.43,3.3,17.53
11,IIc,9,0.84,7.23,1.3,6.3,21.02,1.6,16.9
11,IIc,12,0,6.62,1.9,4,19.16,2.37,17.13
11,IIc,6,0.18,6.2,2.4,7.9,18.74,2.03,15.37
11,IIc,0,11.56,6.32,1.7,3.4,23.45,2.17,16.53
11,IIc,7,1.27,7.07,1.2,1.8,21.66,1.47,16.37
11,IIc,8,0.8,6.76,2,2.8,20.54,2.5,16.43
11,IIc,0,49.87,6.45,3.8,0.1,22,4,17.5
11,IIc,4,50.21,6.78,3.9,2.4,23.46,4.1,17.87
11,IIc,9,0.66,6.52,3.7,9,19.34,3.83,17.27
11,IIc,8,6.44,6.67,1.9,0.9,19.5,2.53,16.97
11,IIc,0,13.92,6.67,1.7,0.58,21.1,2.2,16.2
11,IIc,5,0.23,6.3,1.9,8,19.82,2.43,16.27
11,IIc,12,1.67,6.21,0.9,11.2,15.65,1.27,16.3
11,IIc,11,0.52,6.41,0.6,6.8,21.72,0.9,16.03
11,IIc,18,1.09,7,1.3,3,22.8,1.4,16.77
11,IIc,15,74.84,6.57,3.2,3.2,19.6,3.53,17.4
11,IIc,10,0.19,6.66,4.1,4,20.03,4.23,17.37
11,IIc,8,2.98,6.92,2.2,1.6,22.73,2.8,17.1
11,IIc,10,0.31,6.86,3.4,4.1,22.51,3.57,18.3
11,IIc,9,0.33,6.17,0.2,7.5,20.15,0.43,15.73
11,IIc,11,2.01,6.8,4.3,0.7,19.4,4.5,18.67
11,IIc,5,15.11,6.59,4,0.9,19.1,4.17,17.7
11,IIc,23,4.97,6.63,3.8,1.9,19.3,3.93,17.63
11,IIc,9,0.3,6.73,2.7,5.6,19.08,2.73,16.17
11,IIc,15,7.43,7.11,0.6,5.6,19.83,0.8,15.97
11,IIc,10,0.38,6.8,4,4.2,20.55,4.17,17.63
11,IIc,2,3.62,6.8,1.9,6.7,19.76,2.47,16.4
11,IIc,1,46.22,6.3,1.9,0.065,20.54,2.47,16.47
11,IIc,5,0.25,6.6,0.4,1.3,22.1,0.53,15.97
11,IIc,7,25.09,6.8,3.6,3.8,19.9,3.63,18
11,IIc,11,0.64,6.98,1.5,2,21.27,1.73,16.63
11,IIc,0,3.57,6.77,2,0.4,16.5,2.5,16.53
11,IIc,5,8.3,6.86,1.1,6.7,15.06,1.43,16.5
11,IIc,6,4.23,6.54,1.7,6.5,19.05,2.27,16.77
11,IIc,5,0.8,7.15,1.5,3.1,21.24,1.73,17.07
11,IIc,8,0.68,6.63,3.2,7,19.08,3.5,17.43
11,IIc,0,0.42,6.81,2.6,1.6,17.57,2.77,17.17
11,IIc,0,1.36,6.86,2.4,1.9,21.1,2.43,17.53
11,IIc,0,1.67,7.15,3,1.2,18.65,3.4,17.53
11,IIc,10,0.82,7.37,2.2,10.2,21.33,2.63,17.43
11,IIc,3,4.9,6.91,0.5,8.8,16.78,0.73,15.93
11,IIc,16,2.41,6.6,3.4,2.4,20.43,3.5,17.6
11,IIc,22,2.03,5.82,1.7,8.5,19.18,1.9,16.6
11,IIc,39,102.22,6.3,2.1,2.8,22.4,2.67,16.53
11,IIc,0,0.41,6.64,3.5,8.8,20.95,3.57,17.03
11,IIc,26,10.02,6.77,1.7,1.8,18.06,2.33,16.57
11,IIc,24,8.54,6.8,3.2,2.3,18.8,3.27,17.33
11,IIc,10,0.83,7.26,2.2,10.4,21.53,2.67,17.5
11,IIc,13,0.77,7.21,2.3,12.5,21.13,2.57,17.53
11,IIc,17,2.21,7.06,1,9.1,20.95,1.3,16.67
11,IIc,26,44.43,6.46,2.2,3.8,21.45,2.43,17.43
11,IIc,15,0.79,6.76,2.5,1.2,19.83,2.83,17.53
11,IIc,11,2.04,6.95,3.5,5,20.08,3.57,16.97
11,IIc,18,12.27,6.99,1.2,15.1,12.53,1.53,16.77
11,IIc,32,34.97,6.64,3.6,17.4,11.21,3.73,17.53
11,IIc,0,4.55,6.65,3,0.8,18.2,3.37,17.63
11,IIc,12,0.41,7.03,2.1,1.4,21.53,2.37,17.07
11,IIc,13,0.38,6.05,0.3,12.3,19.41,0.67,15.87
11,IIc,21,5.14,6.62,1,10,16.79,1.4,16.53
11,IIc,15,1.53,6.75,1.1,10.3,19.73,1.57,16.43
11,IIc,0,1.17,5.99,1.3,1.6,19.63,1.73,16.03
11,IIc,0,3.08,6.73,2,0.58,20.15,2.7,17.1
11,IIc,2,8.61,6.44,1.5,14.8,12.15,2.17,16.6
11,IIc,1,4.66,7.19,0.7,11.5,20.21,0.87,16.07
11,IIc,1,7.86,6.36,3.9,7.7,21.45,4,17.57
11,IIc,0,5.86,6.44,1.5,2.4,19,2.03,16.3
11,IIc,0,0.14,5.9,0,5,18.9,0,15.37
11,IIc,0,2.64,6.12,1.6,1.1,19.4,2.03,16.27
11,IIc,0,0.26,6.3,2.3,2.5,19.65,2.83,17.43
11,IIc,0,11.61,6.8,1.6,15,9.58,2.1,16.43
11,IIc,0,2.19,6.8,3.4,1.9,18.37,3.57,17.53
11,IIc,1,2.78,6.82,2.2,0.5,22.4,2.37,17.43
11,IIc,0,0.98,6.63,4,5,20.01,4.13,17.93
11,IIc,0,1.07,6.81,4,8.3,20.23,4.23,18.13
12,IIc.,0,0.35,7.08,3.1,2.7,21.62,3.23,17.97
12,IIc.,0,0.72,6.82,0.5,3.3,20.7,0.47,15.73
12,IIc.,0,13.63,6.12,2.1,4.1,18.57,2.63,16.43
12,IIc.,0,0.18,6.59,3.9,2,21.7,4.07,17.17
12,IIc.,0,1.53,7.06,2.1,2.2,21.85,2.23,17.07
12,IIc.,0,40.84,6.48,3.6,15,17.58,3.8,17.4
12,IIc.,0,6.56,6.63,1.7,3.1,22.3,2.23,16.6
12,IIc.,18,0.82,7.1,1.1,3,22.07,1.5,16.43
12,IIc.,1,0.43,6.78,2,7.9,19.13,2.47,17.17
12,IIc.,0,13.48,6.88,1.3,19.9,9.83,1.57,16.87
12,IIc.,0,0.41,6.71,2.2,3,22.56,2.63,16.97
12,IIc.,1,0.79,7.22,2.2,22.4,15.68,2.43,17.43
12,IIc.,0,2.83,6.61,1.7,2.8,21.1,2.17,16.33
12,IIc.,0,1.89,6.25,2,0.8,24.25,2.37,16.67
12,IIc.,0,1.38,6.57,4,7.2,19.8,4.17,17.8
12,IIc.,0,1.32,5.88,1.6,7.4,19.14,1.9,16.5
12,IIc.,0,1.26,6.93,2.8,1.6,20.43,3.3,17.53
12,IIc.,1,0.84,7.23,1.3,6.3,21.02,1.6,16.9
12,IIc.,0,0,6.62,1.9,4,19.16,2.37,17.13
12,IIc.,0,0.18,6.2,2.4,7.9,18.74,2.03,15.37
12,IIc.,0,11.56,6.32,1.7,3.4,23.45,2.17,16.53
12,IIc.,0,1.27,7.07,1.2,1.8,21.66,1.47,16.37
12,IIc.,0,0.8,6.76,2,2.8,20.54,2.5,16.43
12,IIc.,0,49.87,6.45,3.8,0.1,22,4,17.5
12,IIc.,0,50.21,6.78,3.9,2.4,23.46,4.1,17.87
12,IIc.,0,0.66,6.52,3.7,9,19.34,3.83,17.27
12,IIc.,1,6.44,6.67,1.9,0.9,19.5,2.53,16.97
12,IIc.,0,13.92,6.67,1.7,0.58,21.1,2.2,16.2
12,IIc.,1,0.23,6.3,1.9,8,19.82,2.43,16.27
12,IIc.,8,1.67,6.21,0.9,11.2,15.65,1.27,16.3
12,IIc.,6,0.52,6.41,0.6,6.8,21.72,0.9,16.03
12,IIc.,0,1.09,7,1.3,3,22.8,1.4,16.77
12,IIc.,2,74.84,6.57,3.2,3.2,19.6,3.53,17.4
12,IIc.,0,0.19,6.66,4.1,4,20.03,4.23,17.37
12,IIc.,6,2.98,6.92,2.2,1.6,22.73,2.8,17.1
12,IIc.,9,0.31,6.86,3.4,4.1,22.51,3.57,18.3
12,IIc.,0,0.33,6.17,0.2,7.5,20.15,0.43,15.73
12,IIc.,0,2.01,6.8,4.3,0.7,19.4,4.5,18.67
12,IIc.,0,15.11,6.59,4,0.9,19.1,4.17,17.7
12,IIc.,0,4.97,6.63,3.8,1.9,19.3,3.93,17.63
12,IIc.,0,0.3,6.73,2.7,5.6,19.08,2.73,16.17
12,IIc.,0,7.43,7.11,0.6,5.6,19.83,0.8,15.97
12,IIc.,0,0.38,6.8,4,4.2,20.55,4.17,17.63
12,IIc.,0,3.62,6.8,1.9,6.7,19.76,2.47,16.4
12,IIc.,0,46.22,6.3,1.9,0.065,20.54,2.47,16.47
12,IIc.,0,0.25,6.6,0.4,1.3,22.1,0.53,15.97
12,IIc.,0,25.09,6.8,3.6,3.8,19.9,3.63,18
12,IIc.,0,0.64,6.98,1.5,2,21.27,1.73,16.63
12,IIc.,0,3.57,6.77,2,0.4,16.5,2.5,16.53
12,IIc.,0,8.3,6.86,1.1,6.7,15.06,1.43,16.5
12,IIc.,1,4.23,6.54,1.7,6.5,19.05,2.27,16.77
12,IIc.,1,0.8,7.15,1.5,3.1,21.24,1.73,17.07
12,IIc.,0,0.68,6.63,3.2,7,19.08,3.5,17.43
12,IIc.,0,0.42,6.81,2.6,1.6,17.57,2.77,17.17
12,IIc.,16,1.36,6.86,2.4,1.9,21.1,2.43,17.53
12,IIc.,8,1.67,7.15,3,1.2,18.65,3.4,17.53
12,IIc.,1,0.82,7.37,2.2,10.2,21.33,2.63,17.43
12,IIc.,1,4.9,6.91,0.5,8.8,16.78,0.73,15.93
12,IIc.,0,2.41,6.6,3.4,2.4,20.43,3.5,17.6
12,IIc.,0,2.03,5.82,1.7,8.5,19.18,1.9,16.6
12,IIc.,0,102.22,6.3,2.1,2.8,22.4,2.67,16.53
12,IIc.,10,0.41,6.64,3.5,8.8,20.95,3.57,17.03
12,IIc.,0,10.02,6.77,1.7,1.8,18.06,2.33,16.57
12,IIc.,0,8.54,6.8,3.2,2.3,18.8,3.27,17.33
12,IIc.,1,0.83,7.26,2.2,10.4,21.53,2.67,17.5
12,IIc.,0,0.77,7.21,2.3,12.5,21.13,2.57,17.53
12,IIc.,1,2.21,7.06,1,9.1,20.95,1.3,16.67
12,IIc.,0,44.43,6.46,2.2,3.8,21.45,2.43,17.43
12,IIc.,0,0.79,6.76,2.5,1.2,19.83,2.83,17.53
12,IIc.,0,2.04,6.95,3.5,5,20.08,3.57,16.97
12,IIc.,0,12.27,6.99,1.2,15.1,12.53,1.53,16.77
12,IIc.,0,34.97,6.64,3.6,17.4,11.21,3.73,17.53
12,IIc.,15,4.55,6.65,3,0.8,18.2,3.37,17.63
12,IIc.,0,0.41,7.03,2.1,1.4,21.53,2.37,17.07
12,IIc.,0,0.38,6.05,0.3,12.3,19.41,0.67,15.87
12,IIc.,0,5.14,6.62,1,10,16.79,1.4,16.53
12,IIc.,1,1.53,6.75,1.1,10.3,19.73,1.57,16.43
12,IIc.,11,1.17,5.99,1.3,1.6,19.63,1.73,16.03
12,IIc.,10,3.08,6.73,2,0.58,20.15,2.7,17.1
12,IIc.,19,8.61,6.44,1.5,14.8,12.15,2.17,16.6
12,IIc.,15,4.66,7.19,0.7,11.5,20.21,0.87,16.07
12,IIc.,23,7.86,6.36,3.9,7.7,21.45,4,17.57
12,IIc.,33,5.86,6.44,1.5,2.4,19,2.03,16.3
12,IIc.,9,0.14,5.9,0,5,18.9,0,15.37
12,IIc.,15,2.64,6.12,1.6,1.1,19.4,2.03,16.27
12,IIc.,13,0.26,6.3,2.3,2.5,19.65,2.83,17.43
12,IIc.,30,11.61,6.8,1.6,15,9.58,2.1,16.43
12,IIc.,13,2.19,6.8,3.4,1.9,18.37,3.57,17.53
12,IIc.,15,2.78,6.82,2.2,0.5,22.4,2.37,17.43
12,IIc.,8,0.98,6.63,4,5,20.01,4.13,17.93
12,IIc.,8,1.07,6.81,4,8.3,20.23,4.23,18.13
13,Ia,0,0.35,7.08,3.1,2.7,21.62,3.23,17.97
13,Ia,1,0.72,6.82,0.5,3.3,20.7,0.47,15.73
13,Ia,0,13.63,6.12,2.1,4.1,18.57,2.63,16.43
13,Ia,0,0.18,6.59,3.9,2,21.7,4.07,17.17
13,Ia,1,1.53,7.06,2.1,2.2,21.85,2.23,17.07
13,Ia,0,40.84,6.48,3.6,15,17.58,3.8,17.4
13,Ia,0,6.56,6.63,1.7,3.1,22.3,2.23,16.6
13,Ia,0,0.82,7.1,1.1,3,22.07,1.5,16.43
13,Ia,0,0.43,6.78,2,7.9,19.13,2.47,17.17
13,Ia,0,13.48,6.88,1.3,19.9,9.83,1.57,16.87
13,Ia,0,0.41,6.71,2.2,3,22.56,2.63,16.97
13,Ia,0,0.79,7.22,2.2,22.4,15.68,2.43,17.43
13,Ia,0,2.83,6.61,1.7,2.8,21.1,2.17,16.33
13,Ia,0,1.89,6.25,2,0.8,24.25,2.37,16.67
13,Ia,0,1.38,6.57,4,7.2,19.8,4.17,17.8
13,Ia,0,1.32,5.88,1.6,7.4,19.14,1.9,16.5
13,Ia,1,1.26,6.93,2.8,1.6,20.43,3.3,17.53
13,Ia,0,0.84,7.23,1.3,6.3,21.02,1.6,16.9
13,Ia,0,0,6.62,1.9,4,19.16,2.37,17.13
13,Ia,0,0.18,6.2,2.4,7.9,18.74,2.03,15.37
13,Ia,0,11.56,6.32,1.7,3.4,23.45,2.17,16.53
13,Ia,0,1.27,7.07,1.2,1.8,21.66,1.47,16.37
13,Ia,1,0.8,6.76,2,2.8,20.54,2.5,16.43
13,Ia,0,49.87,6.45,3.8,0.1,22,4,17.5
13,Ia,0,50.21,6.78,3.9,2.4,23.46,4.1,17.87
13,Ia,0,0.66,6.52,3.7,9,19.34,3.83,17.27
13,Ia,0,6.44,6.67,1.9,0.9,19.5,2.53,16.97
13,Ia,0,13.92,6.67,1.7,0.58,21.1,2.2,16.2
13,Ia,0,0.23,6.3,1.9,8,19.82,2.43,16.27
13,Ia,0,1.67,6.21,0.9,11.2,15.65,1.27,16.3
13,Ia,0,0.52,6.41,0.6,6.8,21.72,0.9,16.03
13,Ia,1,1.09,7,1.3,3,22.8,1.4,16.77
13,Ia,0,74.84,6.57,3.2,3.2,19.6,3.53,17.4
13,Ia,0,0.19,6.66,4.1,4,20.03,4.23,17.37
13,Ia,0,2.98,6.92,2.2,1.6,22.73,2.8,17.1
13,Ia,0,0.31,6.86,3.4,4.1,22.51,3.57,18.3
13,Ia,1,0.33,6.17,0.2,7.5,20.15,0.43,15.73
13,Ia,0,2.01,6.8,4.3,0.7,19.4,4.5,18.67
13,Ia,0,15.11,6.59,4,0.9,19.1,4.17,17.7
13,Ia,0,4.97,6.63,3.8,1.9,19.3,3.93,17.63
13,Ia,1,0.3,6.73,2.7,5.6,19.08,2.73,16.17
13,Ia,0,7.43,7.11,0.6,5.6,19.83,0.8,15.97
13,Ia,0,0.38,6.8,4,4.2,20.55,4.17,17.63
13,Ia,0,3.62,6.8,1.9,6.7,19.76,2.47,16.4
13,Ia,0,46.22,6.3,1.9,0.065,20.54,2.47,16.47
13,Ia,0,0.25,6.6,0.4,1.3,22.1,0.53,15.97
13,Ia,0,25.09,6.8,3.6,3.8,19.9,3.63,18
13,Ia,0,0.64,6.98,1.5,2,21.27,1.73,16.63
13,Ia,11,3.57,6.77,2,0.4,16.5,2.5,16.53
13,Ia,0,8.3,6.86,1.1,6.7,15.06,1.43,16.5
13,Ia,0,4.23,6.54,1.7,6.5,19.05,2.27,16.77
13,Ia,0,0.8,7.15,1.5,3.1,21.24,1.73,17.07
13,Ia,1,0.68,6.63,3.2,7,19.08,3.5,17.43
13,Ia,12,0.42,6.81,2.6,1.6,17.57,2.77,17.17
13,Ia,1,1.36,6.86,2.4,1.9,21.1,2.43,17.53
13,Ia,0,1.67,7.15,3,1.2,18.65,3.4,17.53
13,Ia,1,0.82,7.37,2.2,10.2,21.33,2.63,17.43
13,Ia,0,4.9,6.91,0.5,8.8,16.78,0.73,15.93
13,Ia,0,2.41,6.6,3.4,2.4,20.43,3.5,17.6
13,Ia,0,2.03,5.82,1.7,8.5,19.18,1.9,16.6
13,Ia,0,102.22,6.3,2.1,2.8,22.4,2.67,16.53
13,Ia,1,0.41,6.64,3.5,8.8,20.95,3.57,17.03
13,Ia,0,10.02,6.77,1.7,1.8,18.06,2.33,16.57
13,Ia,0,8.54,6.8,3.2,2.3,18.8,3.27,17.33
13,Ia,1,0.83,7.26,2.2,10.4,21.53,2.67,17.5
13,Ia,0,0.77,7.21,2.3,12.5,21.13,2.57,17.53
13,Ia,0,2.21,7.06,1,9.1,20.95,1.3,16.67
13,Ia,0,44.43,6.46,2.2,3.8,21.45,2.43,17.43
13,Ia,1,0.79,6.76,2.5,1.2,19.83,2.83,17.53
13,Ia,0,2.04,6.95,3.5,5,20.08,3.57,16.97
13,Ia,0,12.27,6.99,1.2,15.1,12.53,1.53,16.77
13,Ia,0,34.97,6.64,3.6,17.4,11.21,3.73,17.53
13,Ia,0,4.55,6.65,3,0.8,18.2,3.37,17.63
13,Ia,1,0.41,7.03,2.1,1.4,21.53,2.37,17.07
13,Ia,0,0.38,6.05,0.3,12.3,19.41,0.67,15.87
13,Ia,0,5.14,6.62,1,10,16.79,1.4,16.53
13,Ia,0,1.53,6.75,1.1,10.3,19.73,1.57,16.43
13,Ia,0,1.17,5.99,1.3,1.6,19.63,1.73,16.03
13,Ia,0,3.08,6.73,2,0.58,20.15,2.7,17.1
13,Ia,0,8.61,6.44,1.5,14.8,12.15,2.17,16.6
13,Ia,0,4.66,7.19,0.7,11.5,20.21,0.87,16.07
13,Ia,0,7.86,6.36,3.9,7.7,21.45,4,17.57
13,Ia,0,5.86,6.44,1.5,2.4,19,2.03,16.3
13,Ia,0,0.14,5.9,0,5,18.9,0,15.37
13,Ia,1,2.64,6.12,1.6,1.1,19.4,2.03,16.27
13,Ia,0,0.26,6.3,2.3,2.5,19.65,2.83,17.43
13,Ia,0,11.61,6.8,1.6,15,9.58,2.1,16.43
13,Ia,0,2.19,6.8,3.4,1.9,18.37,3.57,17.53
13,Ia,1,2.78,6.82,2.2,0.5,22.4,2.37,17.43
13,Ia,0,0.98,6.63,4,5,20.01,4.13,17.93
13,Ia,0,1.07,6.81,4,8.3,20.23,4.23,18.13
14,Ib,6,0.35,7.08,3.1,2.7,21.62,3.23,17.97
14,Ib,5,0.72,6.82,0.5,3.3,20.7,0.47,15.73
14,Ib,0,13.63,6.12,2.1,4.1,18.57,2.63,16.43
14,Ib,7,0.18,6.59,3.9,2,21.7,4.07,17.17
14,Ib,6,1.53,7.06,2.1,2.2,21.85,2.23,17.07
14,Ib,0,40.84,6.48,3.6,15,17.58,3.8,17.4
14,Ib,4,6.56,6.63,1.7,3.1,22.3,2.23,16.6
14,Ib,8,0.82,7.1,1.1,3,22.07,1.5,16.43
14,Ib,7,0.43,6.78,2,7.9,19.13,2.47,17.17
14,Ib,16,13.48,6.88,1.3,19.9,9.83,1.57,16.87
14,Ib,6,0.41,6.71,2.2,3,22.56,2.63,16.97
14,Ib,6,0.79,7.22,2.2,22.4,15.68,2.43,17.43
14,Ib,4,2.83,6.61,1.7,2.8,21.1,2.17,16.33
14,Ib,3,1.89,6.25,2,0.8,24.25,2.37,16.67
14,Ib,7,1.38,6.57,4,7.2,19.8,4.17,17.8
14,Ib,5,1.32,5.88,1.6,7.4,19.14,1.9,16.5
14,Ib,8,1.26,6.93,2.8,1.6,20.43,3.3,17.53
14,Ib,10,0.84,7.23,1.3,6.3,21.02,1.6,16.9
14,Ib,10,0,6.62,1.9,4,19.16,2.37,17.13
14,Ib,4,0.18,6.2,2.4,7.9,18.74,2.03,15.37
14,Ib,0,11.56,6.32,1.7,3.4,23.45,2.17,16.53
14,Ib,6,1.27,7.07,1.2,1.8,21.66,1.47,16.37
14,Ib,5,0.8,6.76,2,2.8,20.54,2.5,16.43
14,Ib,0,49.87,6.45,3.8,0.1,22,4,17.5
14,Ib,3,50.21,6.78,3.9,2.4,23.46,4.1,17.87
14,Ib,5,0.66,6.52,3.7,9,19.34,3.83,17.27
14,Ib,10,6.44,6.67,1.9,0.9,19.5,2.53,16.97
14,Ib,1,13.92,6.67,1.7,0.58,21.1,2.2,16.2
14,Ib,6,0.23,6.3,1.9,8,19.82,2.43,16.27
14,Ib,0,1.67,6.21,0.9,11.2,15.65,1.27,16.3
14,Ib,0,0.52,6.41,0.6,6.8,21.72,0.9,16.03
14,Ib,6,1.09,7,1.3,3,22.8,1.4,16.77
14,Ib,0,74.84,6.57,3.2,3.2,19.6,3.53,17.4
14,Ib,4,0.19,6.66,4.1,4,20.03,4.23,17.37
14,Ib,0,2.98,6.92,2.2,1.6,22.73,2.8,17.1
14,Ib,0,0.31,6.86,3.4,4.1,22.51,3.57,18.3
14,Ib,5,0.33,6.17,0.2,7.5,20.15,0.43,15.73
14,Ib,4,2.01,6.8,4.3,0.7,19.4,4.5,18.67
14,Ib,5,15.11,6.59,4,0.9,19.1,4.17,17.7
14,Ib,4,4.97,6.63,3.8,1.9,19.3,3.93,17.63
14,Ib,5,0.3,6.73,2.7,5.6,19.08,2.73,16.17
14,Ib,5,7.43,7.11,0.6,5.6,19.83,0.8,15.97
14,Ib,5,0.38,6.8,4,4.2,20.55,4.17,17.63
14,Ib,1,3.62,6.8,1.9,6.7,19.76,2.47,16.4
14,Ib,1,46.22,6.3,1.9,0.065,20.54,2.47,16.47
14,Ib,7,0.25,6.6,0.4,1.3,22.1,0.53,15.97
14,Ib,10,25.09,6.8,3.6,3.8,19.9,3.63,18
14,Ib,6,0.64,6.98,1.5,2,21.27,1.73,16.63
14,Ib,2,3.57,6.77,2,0.4,16.5,2.5,16.53
14,Ib,6,8.3,6.86,1.1,6.7,15.06,1.43,16.5
14,Ib,7,4.23,6.54,1.7,6.5,19.05,2.27,16.77
14,Ib,9,0.8,7.15,1.5,3.1,21.24,1.73,17.07
14,Ib,7,0.68,6.63,3.2,7,19.08,3.5,17.43
14,Ib,5,0.42,6.81,2.6,1.6,17.57,2.77,17.17
14,Ib,8,1.36,6.86,2.4,1.9,21.1,2.43,17.53
14,Ib,6,1.67,7.15,3,1.2,18.65,3.4,17.53
14,Ib,6,0.82,7.37,2.2,10.2,21.33,2.63,17.43
14,Ib,5,4.9,6.91,0.5,8.8,16.78,0.73,15.93
14,Ib,7,2.41,6.6,3.4,2.4,20.43,3.5,17.6
14,Ib,3,2.03,5.82,1.7,8.5,19.18,1.9,16.6
14,Ib,0,102.22,6.3,2.1,2.8,22.4,2.67,16.53
14,Ib,4,0.41,6.64,3.5,8.8,20.95,3.57,17.03
14,Ib,3,10.02,6.77,1.7,1.8,18.06,2.33,16.57
14,Ib,3,8.54,6.8,3.2,2.3,18.8,3.27,17.33
14,Ib,7,0.83,7.26,2.2,10.4,21.53,2.67,17.5
14,Ib,6,0.77,7.21,2.3,12.5,21.13,2.57,17.53
14,Ib,8,2.21,7.06,1,9.1,20.95,1.3,16.67
14,Ib,0,44.43,6.46,2.2,3.8,21.45,2.43,17.43
14,Ib,5,0.79,6.76,2.5,1.2,19.83,2.83,17.53
14,Ib,7,2.04,6.95,3.5,5,20.08,3.57,16.97
14,Ib,7,12.27,6.99,1.2,15.1,12.53,1.53,16.77
14,Ib,3,34.97,6.64,3.6,17.4,11.21,3.73,17.53
14,Ib,8,4.55,6.65,3,0.8,18.2,3.37,17.63
14,Ib,7,0.41,7.03,2.1,1.4,21.53,2.37,17.07
14,Ib,6,0.38,6.05,0.3,12.3,19.41,0.67,15.87
14,Ib,6,5.14,6.62,1,10,16.79,1.4,16.53
14,Ib,8,1.53,6.75,1.1,10.3,19.73,1.57,16.43
14,Ib,6,1.17,5.99,1.3,1.6,19.63,1.73,16.03
14,Ib,7,3.08,6.73,2,0.58,20.15,2.7,17.1
14,Ib,13,8.61,6.44,1.5,14.8,12.15,2.17,16.6
14,Ib,9,4.66,7.19,0.7,11.5,20.21,0.87,16.07
14,Ib,6,7.86,6.36,3.9,7.7,21.45,4,17.57
14,Ib,2,5.86,6.44,1.5,2.4,19,2.03,16.3
14,Ib,7,0.14,5.9,0,5,18.9,0,15.37
14,Ib,5,2.64,6.12,1.6,1.1,19.4,2.03,16.27
14,Ib,4,0.26,6.3,2.3,2.5,19.65,2.83,17.43
14,Ib,5,11.61,6.8,1.6,15,9.58,2.1,16.43
14,Ib,7,2.19,6.8,3.4,1.9,18.37,3.57,17.53
14,Ib,10,2.78,6.82,2.2,0.5,22.4,2.37,17.43
14,Ib,5,0.98,6.63,4,5,20.01,4.13,17.93
14,Ib,6,1.07,6.81,4,8.3,20.23,4.23,18.13
15,Ic,1,0.35,7.08,3.1,2.7,21.62,3.23,17.97
15,Ic,1,0.72,6.82,0.5,3.3,20.7,0.47,15.73
15,Ic,0,13.63,6.12,2.1,4.1,18.57,2.63,16.43
15,Ic,1,0.18,6.59,3.9,2,21.7,4.07,17.17
15,Ic,1,1.53,7.06,2.1,2.2,21.85,2.23,17.07
15,Ic,0,40.84,6.48,3.6,15,17.58,3.8,17.4
15,Ic,1,6.56,6.63,1.7,3.1,22.3,2.23,16.6
15,Ic,2,0.82,7.1,1.1,3,22.07,1.5,16.43
15,Ic,1,0.43,6.78,2,7.9,19.13,2.47,17.17
15,Ic,0,13.48,6.88,1.3,19.9,9.83,1.57,16.87
15,Ic,1,0.41,6.71,2.2,3,22.56,2.63,16.97
15,Ic,1,0.79,7.22,2.2,22.4,15.68,2.43,17.43
15,Ic,0,2.83,6.61,1.7,2.8,21.1,2.17,16.33
15,Ic,0,1.89,6.25,2,0.8,24.25,2.37,16.67
15,Ic,1,1.38,6.57,4,7.2,19.8,4.17,17.8
15,Ic,1,1.32,5.88,1.6,7.4,19.14,1.9,16.5
15,Ic,1,1.26,6.93,2.8,1.6,20.43,3.3,17.53
15,Ic,2,0.84,7.23,1.3,6.3,21.02,1.6,16.9
15,Ic,0,0,6.62,1.9,4,19.16,2.37,17.13
15,Ic,0,0.18,6.2,2.4,7.9,18.74,2.03,15.37
15,Ic,3,11.56,6.32,1.7,3.4,23.45,2.17,16.53
15,Ic,1,1.27,7.07,1.2,1.8,21.66,1.47,16.37
15,Ic,1,0.8,6.76,2,2.8,20.54,2.5,16.43
15,Ic,0,49.87,6.45,3.8,0.1,22,4,17.5
15,Ic,0,50.21,6.78,3.9,2.4,23.46,4.1,17.87
15,Ic,1,0.66,6.52,3.7,9,19.34,3.83,17.27
15,Ic,3,6.44,6.67,1.9,0.9,19.5,2.53,16.97
15,Ic,0,13.92,6.67,1.7,0.58,21.1,2.2,16.2
15,Ic,1,0.23,6.3,1.9,8,19.82,2.43,16.27
15,Ic,6,1.67,6.21,0.9,11.2,15.65,1.27,16.3
15,Ic,5,0.52,6.41,0.6,6.8,21.72,0.9,16.03
15,Ic,1,1.09,7,1.3,3,22.8,1.4,16.77
15,Ic,1,74.84,6.57,3.2,3.2,19.6,3.53,17.4
15,Ic,1,0.19,6.66,4.1,4,20.03,4.23,17.37
15,Ic,5,2.98,6.92,2.2,1.6,22.73,2.8,17.1
15,Ic,7,0.31,6.86,3.4,4.1,22.51,3.57,18.3
15,Ic,1,0.33,6.17,0.2,7.5,20.15,0.43,15.73
15,Ic,0,2.01,6.8,4.3,0.7,19.4,4.5,18.67
15,Ic,0,15.11,6.59,4,0.9,19.1,4.17,17.7
15,Ic,1,4.97,6.63,3.8,1.9,19.3,3.93,17.63
15,Ic,1,0.3,6.73,2.7,5.6,19.08,2.73,16.17
15,Ic,1,7.43,7.11,0.6,5.6,19.83,0.8,15.97
15,Ic,1,0.38,6.8,4,4.2,20.55,4.17,17.63
15,Ic,0,3.62,6.8,1.9,6.7,19.76,2.47,16.4
15,Ic,0,46.22,6.3,1.9,0.065,20.54,2.47,16.47
15,Ic,1,0.25,6.6,0.4,1.3,22.1,0.53,15.97
15,Ic,5,25.09,6.8,3.6,3.8,19.9,3.63,18
15,Ic,1,0.64,6.98,1.5,2,21.27,1.73,16.63
15,Ic,0,3.57,6.77,2,0.4,16.5,2.5,16.53
15,Ic,4,8.3,6.86,1.1,6.7,15.06,1.43,16.5
15,Ic,2,4.23,6.54,1.7,6.5,19.05,2.27,16.77
15,Ic,3,0.8,7.15,1.5,3.1,21.24,1.73,17.07
15,Ic,1,0.68,6.63,3.2,7,19.08,3.5,17.43
15,Ic,0,0.42,6.81,2.6,1.6,17.57,2.77,17.17
15,Ic,1,1.36,6.86,2.4,1.9,21.1,2.43,17.53
15,Ic,1,1.67,7.15,3,1.2,18.65,3.4,17.53
15,Ic,2,0.82,7.37,2.2,10.2,21.33,2.63,17.43
15,Ic,2,4.9,6.91,0.5,8.8,16.78,0.73,15.93
15,Ic,1,2.41,6.6,3.4,2.4,20.43,3.5,17.6
15,Ic,6,2.03,5.82,1.7,8.5,19.18,1.9,16.6
15,Ic,0,102.22,6.3,2.1,2.8,22.4,2.67,16.53
15,Ic,1,0.41,6.64,3.5,8.8,20.95,3.57,17.03
15,Ic,1,10.02,6.77,1.7,1.8,18.06,2.33,16.57
15,Ic,1,8.54,6.8,3.2,2.3,18.8,3.27,17.33
15,Ic,1,0.83,7.26,2.2,10.4,21.53,2.67,17.5
15,Ic,1,0.77,7.21,2.3,12.5,21.13,2.57,17.53
15,Ic,3,2.21,7.06,1,9.1,20.95,1.3,16.67
15,Ic,0,44.43,6.46,2.2,3.8,21.45,2.43,17.43
15,Ic,0,0.79,6.76,2.5,1.2,19.83,2.83,17.53
15,Ic,1,2.04,6.95,3.5,5,20.08,3.57,16.97
15,Ic,2,12.27,6.99,1.2,15.1,12.53,1.53,16.77
15,Ic,0,34.97,6.64,3.6,17.4,11.21,3.73,17.53
15,Ic,2,4.55,6.65,3,0.8,18.2,3.37,17.63
15,Ic,1,0.41,7.03,2.1,1.4,21.53,2.37,17.07
15,Ic,1,0.38,6.05,0.3,12.3,19.41,0.67,15.87
15,Ic,0,5.14,6.62,1,10,16.79,1.4,16.53
15,Ic,2,1.53,6.75,1.1,10.3,19.73,1.57,16.43
15,Ic,1,1.17,5.99,1.3,1.6,19.63,1.73,16.03
15,Ic,1,3.08,6.73,2,0.58,20.15,2.7,17.1
15,Ic,6,8.61,6.44,1.5,14.8,12.15,2.17,16.6
15,Ic,4,4.66,7.19,0.7,11.5,20.21,0.87,16.07
15,Ic,2,7.86,6.36,3.9,7.7,21.45,4,17.57
15,Ic,1,5.86,6.44,1.5,2.4,19,2.03,16.3
15,Ic,1,0.14,5.9,0,5,18.9,0,15.37
15,Ic,1,2.64,6.12,1.6,1.1,19.4,2.03,16.27
15,Ic,1,0.26,6.3,2.3,2.5,19.65,2.83,17.43
15,Ic,2,11.61,6.8,1.6,15,9.58,2.1,16.43
15,Ic,1,2.19,6.8,3.4,1.9,18.37,3.57,17.53
15,Ic,3,2.78,6.82,2.2,0.5,22.4,2.37,17.43
15,Ic,1,0.98,6.63,4,5,20.01,4.13,17.93
15,Ic,1,1.07,6.81,4,8.3,20.23,4.23,18.13